route,configuration,frequency_index,omega_0_rad_s,omega_e_rad_s,term,row,column,value_real,value_imag
faltinsen_ch9,FnB=2.26,0,5.653231330621184,20.644233619535136,rigid_mass,heave,heave,32.60032733,0.0
faltinsen_ch9,FnB=2.26,0,5.653231330621184,20.644233619535136,rigid_mass,heave,pitch,0.0,0.0
faltinsen_ch9,FnB=2.26,0,5.653231330621184,20.644233619535136,rigid_mass,pitch,heave,0.0,0.0
faltinsen_ch9,FnB=2.26,0,5.653231330621184,20.644233619535136,rigid_mass,pitch,pitch,11.080492655866367,0.0
faltinsen_ch9,FnB=2.26,0,5.653231330621184,20.644233619535136,added_mass,heave,heave,58.23162340715469,0.0
faltinsen_ch9,FnB=2.26,0,5.653231330621184,20.644233619535136,added_mass,heave,pitch,-13.25449835913348,0.0
faltinsen_ch9,FnB=2.26,0,5.653231330621184,20.644233619535136,added_mass,pitch,heave,-13.25449835913348,0.0
faltinsen_ch9,FnB=2.26,0,5.653231330621184,20.644233619535136,added_mass,pitch,pitch,7.667281016415077,0.0
faltinsen_ch9,FnB=2.26,0,5.653231330621184,20.644233619535136,radiation_damping,heave,heave,462.48229270944694,0.0
faltinsen_ch9,FnB=2.26,0,5.653231330621184,20.644233619535136,radiation_damping,heave,pitch,-471.01796865371153,0.0
faltinsen_ch9,FnB=2.26,0,5.653231330621184,20.644233619535136,radiation_damping,pitch,heave,29.460849481525887,0.0
faltinsen_ch9,FnB=2.26,0,5.653231330621184,20.644233619535136,radiation_damping,pitch,pitch,141.59729318361758,0.0
faltinsen_ch9,FnB=2.26,0,5.653231330621184,20.644233619535136,restoring,heave,heave,3521.186818985898,0.0
faltinsen_ch9,FnB=2.26,0,5.653231330621184,20.644233619535136,restoring,heave,pitch,-2176.726217682301,0.0
faltinsen_ch9,FnB=2.26,0,5.653231330621184,20.644233619535136,restoring,pitch,heave,844.761079396415,0.0
faltinsen_ch9,FnB=2.26,0,5.653231330621184,20.644233619535136,restoring,pitch,pitch,545.9733934793043,0.0
faltinsen_ch9,FnB=2.26,0,5.653231330621184,20.644233619535136,excitation_per_wave_amplitude,heave,wave_amplitude,338.8661142719759,-282.1792812396522
faltinsen_ch9,FnB=2.26,0,5.653231330621184,20.644233619535136,excitation_per_wave_amplitude,pitch,wave_amplitude,-729.8696590926513,-681.6639682303036
faltinsen_ch9,FnB=2.26,1,5.02522323101959,16.870572580620447,rigid_mass,heave,heave,32.60032733,0.0
faltinsen_ch9,FnB=2.26,1,5.02522323101959,16.870572580620447,rigid_mass,heave,pitch,0.0,0.0
faltinsen_ch9,FnB=2.26,1,5.02522323101959,16.870572580620447,rigid_mass,pitch,heave,0.0,0.0
faltinsen_ch9,FnB=2.26,1,5.02522323101959,16.870572580620447,rigid_mass,pitch,pitch,11.080492655866367,0.0
faltinsen_ch9,FnB=2.26,1,5.02522323101959,16.870572580620447,added_mass,heave,heave,58.23162340715469,0.0
faltinsen_ch9,FnB=2.26,1,5.02522323101959,16.870572580620447,added_mass,heave,pitch,-13.25449835913348,0.0
faltinsen_ch9,FnB=2.26,1,5.02522323101959,16.870572580620447,added_mass,pitch,heave,-13.25449835913348,0.0
faltinsen_ch9,FnB=2.26,1,5.02522323101959,16.870572580620447,added_mass,pitch,pitch,7.667281016415077,0.0
faltinsen_ch9,FnB=2.26,1,5.02522323101959,16.870572580620447,radiation_damping,heave,heave,462.48229270944694,0.0
faltinsen_ch9,FnB=2.26,1,5.02522323101959,16.870572580620447,radiation_damping,heave,pitch,-471.01796865371153,0.0
faltinsen_ch9,FnB=2.26,1,5.02522323101959,16.870572580620447,radiation_damping,pitch,heave,29.460849481525887,0.0
faltinsen_ch9,FnB=2.26,1,5.02522323101959,16.870572580620447,radiation_damping,pitch,pitch,141.59729318361758,0.0
faltinsen_ch9,FnB=2.26,1,5.02522323101959,16.870572580620447,restoring,heave,heave,3521.186818985898,0.0
faltinsen_ch9,FnB=2.26,1,5.02522323101959,16.870572580620447,restoring,heave,pitch,-2176.726217682301,0.0
faltinsen_ch9,FnB=2.26,1,5.02522323101959,16.870572580620447,restoring,pitch,heave,844.761079396415,0.0
faltinsen_ch9,FnB=2.26,1,5.02522323101959,16.870572580620447,restoring,pitch,pitch,545.9733934793043,0.0
faltinsen_ch9,FnB=2.26,1,5.02522323101959,16.870572580620447,excitation_per_wave_amplitude,heave,wave_amplitude,-286.4219823489518,-896.6532242160755
faltinsen_ch9,FnB=2.26,1,5.02522323101959,16.870572580620447,excitation_per_wave_amplitude,pitch,wave_amplitude,-100.64226987418148,-776.6627223100768
faltinsen_ch9,FnB=2.26,2,4.397718092036876,13.469485955510226,rigid_mass,heave,heave,32.60032733,0.0
faltinsen_ch9,FnB=2.26,2,4.397718092036876,13.469485955510226,rigid_mass,heave,pitch,0.0,0.0
faltinsen_ch9,FnB=2.26,2,4.397718092036876,13.469485955510226,rigid_mass,pitch,heave,0.0,0.0
faltinsen_ch9,FnB=2.26,2,4.397718092036876,13.469485955510226,rigid_mass,pitch,pitch,11.080492655866367,0.0
faltinsen_ch9,FnB=2.26,2,4.397718092036876,13.469485955510226,added_mass,heave,heave,58.23162340715469,0.0
faltinsen_ch9,FnB=2.26,2,4.397718092036876,13.469485955510226,added_mass,heave,pitch,-13.25449835913348,0.0
faltinsen_ch9,FnB=2.26,2,4.397718092036876,13.469485955510226,added_mass,pitch,heave,-13.25449835913348,0.0
faltinsen_ch9,FnB=2.26,2,4.397718092036876,13.469485955510226,added_mass,pitch,pitch,7.667281016415077,0.0
faltinsen_ch9,FnB=2.26,2,4.397718092036876,13.469485955510226,radiation_damping,heave,heave,462.48229270944694,0.0
faltinsen_ch9,FnB=2.26,2,4.397718092036876,13.469485955510226,radiation_damping,heave,pitch,-471.01796865371153,0.0
faltinsen_ch9,FnB=2.26,2,4.397718092036876,13.469485955510226,radiation_damping,pitch,heave,29.460849481525887,0.0
faltinsen_ch9,FnB=2.26,2,4.397718092036876,13.469485955510226,radiation_damping,pitch,pitch,141.59729318361758,0.0
faltinsen_ch9,FnB=2.26,2,4.397718092036876,13.469485955510226,restoring,heave,heave,3521.186818985898,0.0
faltinsen_ch9,FnB=2.26,2,4.397718092036876,13.469485955510226,restoring,heave,pitch,-2176.726217682301,0.0
faltinsen_ch9,FnB=2.26,2,4.397718092036876,13.469485955510226,restoring,pitch,heave,844.761079396415,0.0
faltinsen_ch9,FnB=2.26,2,4.397718092036876,13.469485955510226,restoring,pitch,pitch,545.9733934793043,0.0
faltinsen_ch9,FnB=2.26,2,4.397718092036876,13.469485955510226,excitation_per_wave_amplitude,heave,wave_amplitude,-597.8641645651549,-1542.9715566304676
faltinsen_ch9,FnB=2.26,2,4.397718092036876,13.469485955510226,excitation_per_wave_amplitude,pitch,wave_amplitude,280.62621083545804,-840.8065493021126
faltinsen_ch9,FnB=2.26,3,4.08359864090329,11.905696722913058,rigid_mass,heave,heave,32.60032733,0.0
faltinsen_ch9,FnB=2.26,3,4.08359864090329,11.905696722913058,rigid_mass,heave,pitch,0.0,0.0
faltinsen_ch9,FnB=2.26,3,4.08359864090329,11.905696722913058,rigid_mass,pitch,heave,0.0,0.0
faltinsen_ch9,FnB=2.26,3,4.08359864090329,11.905696722913058,rigid_mass,pitch,pitch,11.080492655866367,0.0
faltinsen_ch9,FnB=2.26,3,4.08359864090329,11.905696722913058,added_mass,heave,heave,58.23162340715469,0.0
faltinsen_ch9,FnB=2.26,3,4.08359864090329,11.905696722913058,added_mass,heave,pitch,-13.25449835913348,0.0
faltinsen_ch9,FnB=2.26,3,4.08359864090329,11.905696722913058,added_mass,pitch,heave,-13.25449835913348,0.0
faltinsen_ch9,FnB=2.26,3,4.08359864090329,11.905696722913058,added_mass,pitch,pitch,7.667281016415077,0.0
faltinsen_ch9,FnB=2.26,3,4.08359864090329,11.905696722913058,radiation_damping,heave,heave,462.48229270944694,0.0
faltinsen_ch9,FnB=2.26,3,4.08359864090329,11.905696722913058,radiation_damping,heave,pitch,-471.01796865371153,0.0
faltinsen_ch9,FnB=2.26,3,4.08359864090329,11.905696722913058,radiation_damping,pitch,heave,29.460849481525887,0.0
faltinsen_ch9,FnB=2.26,3,4.08359864090329,11.905696722913058,radiation_damping,pitch,pitch,141.59729318361758,0.0
faltinsen_ch9,FnB=2.26,3,4.08359864090329,11.905696722913058,restoring,heave,heave,3521.186818985898,0.0
faltinsen_ch9,FnB=2.26,3,4.08359864090329,11.905696722913058,restoring,heave,pitch,-2176.726217682301,0.0
faltinsen_ch9,FnB=2.26,3,4.08359864090329,11.905696722913058,restoring,pitch,heave,844.761079396415,0.0
faltinsen_ch9,FnB=2.26,3,4.08359864090329,11.905696722913058,restoring,pitch,pitch,545.9733934793043,0.0
faltinsen_ch9,FnB=2.26,3,4.08359864090329,11.905696722913058,excitation_per_wave_amplitude,heave,wave_amplitude,-631.4201633528651,-1849.898463425028
faltinsen_ch9,FnB=2.26,3,4.08359864090329,11.905696722913058,excitation_per_wave_amplitude,pitch,wave_amplitude,384.79201354031744,-862.0016136037362
faltinsen_ch9,FnB=2.26,4,3.7692553583355703,10.433459281099253,rigid_mass,heave,heave,32.60032733,0.0
faltinsen_ch9,FnB=2.26,4,3.7692553583355703,10.433459281099253,rigid_mass,heave,pitch,0.0,0.0
faltinsen_ch9,FnB=2.26,4,3.7692553583355703,10.433459281099253,rigid_mass,pitch,heave,0.0,0.0
faltinsen_ch9,FnB=2.26,4,3.7692553583355703,10.433459281099253,rigid_mass,pitch,pitch,11.080492655866367,0.0
faltinsen_ch9,FnB=2.26,4,3.7692553583355703,10.433459281099253,added_mass,heave,heave,58.23162340715469,0.0
faltinsen_ch9,FnB=2.26,4,3.7692553583355703,10.433459281099253,added_mass,heave,pitch,-13.25449835913348,0.0
faltinsen_ch9,FnB=2.26,4,3.7692553583355703,10.433459281099253,added_mass,pitch,heave,-13.25449835913348,0.0
faltinsen_ch9,FnB=2.26,4,3.7692553583355703,10.433459281099253,added_mass,pitch,pitch,7.667281016415077,0.0
faltinsen_ch9,FnB=2.26,4,3.7692553583355703,10.433459281099253,radiation_damping,heave,heave,462.48229270944694,0.0
faltinsen_ch9,FnB=2.26,4,3.7692553583355703,10.433459281099253,radiation_damping,heave,pitch,-471.01796865371153,0.0
faltinsen_ch9,FnB=2.26,4,3.7692553583355703,10.433459281099253,radiation_damping,pitch,heave,29.460849481525887,0.0
faltinsen_ch9,FnB=2.26,4,3.7692553583355703,10.433459281099253,radiation_damping,pitch,pitch,141.59729318361758,0.0
faltinsen_ch9,FnB=2.26,4,3.7692553583355703,10.433459281099253,restoring,heave,heave,3521.186818985898,0.0
faltinsen_ch9,FnB=2.26,4,3.7692553583355703,10.433459281099253,restoring,heave,pitch,-2176.726217682301,0.0
faltinsen_ch9,FnB=2.26,4,3.7692553583355703,10.433459281099253,restoring,pitch,heave,844.761079396415,0.0
faltinsen_ch9,FnB=2.26,4,3.7692553583355703,10.433459281099253,restoring,pitch,pitch,545.9733934793043,0.0
faltinsen_ch9,FnB=2.26,4,3.7692553583355703,10.433459281099253,excitation_per_wave_amplitude,heave,wave_amplitude,-597.7694080214005,-2135.5439356256466
faltinsen_ch9,FnB=2.26,4,3.7692553583355703,10.433459281099253,excitation_per_wave_amplitude,pitch,wave_amplitude,440.5545671204014,-876.7202472195816
faltinsen_ch9,FnB=2.26,5,3.4552807643325787,9.055484680826687,rigid_mass,heave,heave,32.60032733,0.0
faltinsen_ch9,FnB=2.26,5,3.4552807643325787,9.055484680826687,rigid_mass,heave,pitch,0.0,0.0
faltinsen_ch9,FnB=2.26,5,3.4552807643325787,9.055484680826687,rigid_mass,pitch,heave,0.0,0.0
faltinsen_ch9,FnB=2.26,5,3.4552807643325787,9.055484680826687,rigid_mass,pitch,pitch,11.080492655866367,0.0
faltinsen_ch9,FnB=2.26,5,3.4552807643325787,9.055484680826687,added_mass,heave,heave,58.23162340715469,0.0
faltinsen_ch9,FnB=2.26,5,3.4552807643325787,9.055484680826687,added_mass,heave,pitch,-13.25449835913348,0.0
faltinsen_ch9,FnB=2.26,5,3.4552807643325787,9.055484680826687,added_mass,pitch,heave,-13.25449835913348,0.0
faltinsen_ch9,FnB=2.26,5,3.4552807643325787,9.055484680826687,added_mass,pitch,pitch,7.667281016415077,0.0
faltinsen_ch9,FnB=2.26,5,3.4552807643325787,9.055484680826687,radiation_damping,heave,heave,462.48229270944694,0.0
faltinsen_ch9,FnB=2.26,5,3.4552807643325787,9.055484680826687,radiation_damping,heave,pitch,-471.01796865371153,0.0
faltinsen_ch9,FnB=2.26,5,3.4552807643325787,9.055484680826687,radiation_damping,pitch,heave,29.460849481525887,0.0
faltinsen_ch9,FnB=2.26,5,3.4552807643325787,9.055484680826687,radiation_damping,pitch,pitch,141.59729318361758,0.0
faltinsen_ch9,FnB=2.26,5,3.4552807643325787,9.055484680826687,restoring,heave,heave,3521.186818985898,0.0
faltinsen_ch9,FnB=2.26,5,3.4552807643325787,9.055484680826687,restoring,heave,pitch,-2176.726217682301,0.0
faltinsen_ch9,FnB=2.26,5,3.4552807643325787,9.055484680826687,restoring,pitch,heave,844.761079396415,0.0
faltinsen_ch9,FnB=2.26,5,3.4552807643325787,9.055484680826687,restoring,pitch,pitch,545.9733934793043,0.0
faltinsen_ch9,FnB=2.26,5,3.4552807643325787,9.055484680826687,excitation_per_wave_amplitude,heave,wave_amplitude,-513.0164703319497,-2394.5632443527434
faltinsen_ch9,FnB=2.26,5,3.4552807643325787,9.055484680826687,excitation_per_wave_amplitude,pitch,wave_amplitude,456.5763493148684,-885.7146435173582
faltinsen_ch9,FnB=2.26,6,3.1411165469230062,7.769243434517255,rigid_mass,heave,heave,32.60032733,0.0
faltinsen_ch9,FnB=2.26,6,3.1411165469230062,7.769243434517255,rigid_mass,heave,pitch,0.0,0.0
faltinsen_ch9,FnB=2.26,6,3.1411165469230062,7.769243434517255,rigid_mass,pitch,heave,0.0,0.0
faltinsen_ch9,FnB=2.26,6,3.1411165469230062,7.769243434517255,rigid_mass,pitch,pitch,11.080492655866367,0.0
faltinsen_ch9,FnB=2.26,6,3.1411165469230062,7.769243434517255,added_mass,heave,heave,58.23162340715469,0.0
faltinsen_ch9,FnB=2.26,6,3.1411165469230062,7.769243434517255,added_mass,heave,pitch,-13.25449835913348,0.0
faltinsen_ch9,FnB=2.26,6,3.1411165469230062,7.769243434517255,added_mass,pitch,heave,-13.25449835913348,0.0
faltinsen_ch9,FnB=2.26,6,3.1411165469230062,7.769243434517255,added_mass,pitch,pitch,7.667281016415077,0.0
faltinsen_ch9,FnB=2.26,6,3.1411165469230062,7.769243434517255,radiation_damping,heave,heave,462.48229270944694,0.0
faltinsen_ch9,FnB=2.26,6,3.1411165469230062,7.769243434517255,radiation_damping,heave,pitch,-471.01796865371153,0.0
faltinsen_ch9,FnB=2.26,6,3.1411165469230062,7.769243434517255,radiation_damping,pitch,heave,29.460849481525887,0.0
faltinsen_ch9,FnB=2.26,6,3.1411165469230062,7.769243434517255,radiation_damping,pitch,pitch,141.59729318361758,0.0
faltinsen_ch9,FnB=2.26,6,3.1411165469230062,7.769243434517255,restoring,heave,heave,3521.186818985898,0.0
faltinsen_ch9,FnB=2.26,6,3.1411165469230062,7.769243434517255,restoring,heave,pitch,-2176.726217682301,0.0
faltinsen_ch9,FnB=2.26,6,3.1411165469230062,7.769243434517255,restoring,pitch,heave,844.761079396415,0.0
faltinsen_ch9,FnB=2.26,6,3.1411165469230062,7.769243434517255,restoring,pitch,pitch,545.9733934793043,0.0
faltinsen_ch9,FnB=2.26,6,3.1411165469230062,7.769243434517255,excitation_per_wave_amplitude,heave,wave_amplitude,-394.2427745162998,-2624.6824666572193
faltinsen_ch9,FnB=2.26,6,3.1411165469230062,7.769243434517255,excitation_per_wave_amplitude,pitch,wave_amplitude,441.89492316596784,-889.8591521884008
faltinsen_ch9,FnB=2.26,7,2.8269822583560744,6.575705009721327,rigid_mass,heave,heave,32.60032733,0.0
faltinsen_ch9,FnB=2.26,7,2.8269822583560744,6.575705009721327,rigid_mass,heave,pitch,0.0,0.0
faltinsen_ch9,FnB=2.26,7,2.8269822583560744,6.575705009721327,rigid_mass,pitch,heave,0.0,0.0
faltinsen_ch9,FnB=2.26,7,2.8269822583560744,6.575705009721327,rigid_mass,pitch,pitch,11.080492655866367,0.0
faltinsen_ch9,FnB=2.26,7,2.8269822583560744,6.575705009721327,added_mass,heave,heave,58.23162340715469,0.0
faltinsen_ch9,FnB=2.26,7,2.8269822583560744,6.575705009721327,added_mass,heave,pitch,-13.25449835913348,0.0
faltinsen_ch9,FnB=2.26,7,2.8269822583560744,6.575705009721327,added_mass,pitch,heave,-13.25449835913348,0.0
faltinsen_ch9,FnB=2.26,7,2.8269822583560744,6.575705009721327,added_mass,pitch,pitch,7.667281016415077,0.0
faltinsen_ch9,FnB=2.26,7,2.8269822583560744,6.575705009721327,radiation_damping,heave,heave,462.48229270944694,0.0
faltinsen_ch9,FnB=2.26,7,2.8269822583560744,6.575705009721327,radiation_damping,heave,pitch,-471.01796865371153,0.0
faltinsen_ch9,FnB=2.26,7,2.8269822583560744,6.575705009721327,radiation_damping,pitch,heave,29.460849481525887,0.0
faltinsen_ch9,FnB=2.26,7,2.8269822583560744,6.575705009721327,radiation_damping,pitch,pitch,141.59729318361758,0.0
faltinsen_ch9,FnB=2.26,7,2.8269822583560744,6.575705009721327,restoring,heave,heave,3521.186818985898,0.0
faltinsen_ch9,FnB=2.26,7,2.8269822583560744,6.575705009721327,restoring,heave,pitch,-2176.726217682301,0.0
faltinsen_ch9,FnB=2.26,7,2.8269822583560744,6.575705009721327,restoring,pitch,heave,844.761079396415,0.0
faltinsen_ch9,FnB=2.26,7,2.8269822583560744,6.575705009721327,restoring,pitch,pitch,545.9733934793043,0.0
faltinsen_ch9,FnB=2.26,7,2.8269822583560744,6.575705009721327,excitation_per_wave_amplitude,heave,wave_amplitude,-258.17709880961263,-2824.6799646955983
faltinsen_ch9,FnB=2.26,7,2.8269822583560744,6.575705009721327,excitation_per_wave_amplitude,pitch,wave_amplitude,405.0717555814035,-890.0344732650223
matched_raw_added_and_damping_station_phase_excitation,FnB=2.26,0,5.653231330621184,20.644233619535136,rigid_mass,heave,heave,32.60032733,0.0
matched_raw_added_and_damping_station_phase_excitation,FnB=2.26,0,5.653231330621184,20.644233619535136,rigid_mass,heave,pitch,0.0,0.0
matched_raw_added_and_damping_station_phase_excitation,FnB=2.26,0,5.653231330621184,20.644233619535136,rigid_mass,pitch,heave,0.0,0.0
matched_raw_added_and_damping_station_phase_excitation,FnB=2.26,0,5.653231330621184,20.644233619535136,rigid_mass,pitch,pitch,11.080492655866367,0.0
matched_raw_added_and_damping_station_phase_excitation,FnB=2.26,0,5.653231330621184,20.644233619535136,added_mass,heave,heave,66.70769576731274,0.0
matched_raw_added_and_damping_station_phase_excitation,FnB=2.26,0,5.653231330621184,20.644233619535136,added_mass,heave,pitch,-10.828351197720785,0.0
matched_raw_added_and_damping_station_phase_excitation,FnB=2.26,0,5.653231330621184,20.644233619535136,added_mass,pitch,heave,-13.687012253954041,0.0
matched_raw_added_and_damping_station_phase_excitation,FnB=2.26,0,5.653231330621184,20.644233619535136,added_mass,pitch,pitch,9.932484720907441,0.0
matched_raw_added_and_damping_station_phase_excitation,FnB=2.26,0,5.653231330621184,20.644233619535136,radiation_damping,heave,heave,395.4026498410538,0.0
matched_raw_added_and_damping_station_phase_excitation,FnB=2.26,0,5.653231330621184,20.644233619535136,radiation_damping,heave,pitch,-565.3213822019117,0.0
matched_raw_added_and_damping_station_phase_excitation,FnB=2.26,0,5.653231330621184,20.644233619535136,radiation_damping,pitch,heave,81.61767890557962,0.0
matched_raw_added_and_damping_station_phase_excitation,FnB=2.26,0,5.653231330621184,20.644233619535136,radiation_damping,pitch,pitch,171.36254419763173,0.0
matched_raw_added_and_damping_station_phase_excitation,FnB=2.26,0,5.653231330621184,20.644233619535136,restoring,heave,heave,3521.186818985898,0.0
matched_raw_added_and_damping_station_phase_excitation,FnB=2.26,0,5.653231330621184,20.644233619535136,restoring,heave,pitch,-2176.726217682301,0.0
matched_raw_added_and_damping_station_phase_excitation,FnB=2.26,0,5.653231330621184,20.644233619535136,restoring,pitch,heave,844.761079396415,0.0
matched_raw_added_and_damping_station_phase_excitation,FnB=2.26,0,5.653231330621184,20.644233619535136,restoring,pitch,pitch,545.9733934793043,0.0
matched_raw_added_and_damping_station_phase_excitation,FnB=2.26,0,5.653231330621184,20.644233619535136,excitation_per_wave_amplitude,heave,wave_amplitude,-2059.5242416057804,2412.832955270227
matched_raw_added_and_damping_station_phase_excitation,FnB=2.26,0,5.653231330621184,20.644233619535136,excitation_per_wave_amplitude,pitch,wave_amplitude,746.6560279946085,-767.903866611545
matched_raw_added_and_damping_station_phase_excitation,FnB=2.26,1,5.02522323101959,16.870572580620447,rigid_mass,heave,heave,32.60032733,0.0
matched_raw_added_and_damping_station_phase_excitation,FnB=2.26,1,5.02522323101959,16.870572580620447,rigid_mass,heave,pitch,0.0,0.0
matched_raw_added_and_damping_station_phase_excitation,FnB=2.26,1,5.02522323101959,16.870572580620447,rigid_mass,pitch,heave,0.0,0.0
matched_raw_added_and_damping_station_phase_excitation,FnB=2.26,1,5.02522323101959,16.870572580620447,rigid_mass,pitch,pitch,11.080492655866367,0.0
matched_raw_added_and_damping_station_phase_excitation,FnB=2.26,1,5.02522323101959,16.870572580620447,added_mass,heave,heave,65.32787705884967,0.0
matched_raw_added_and_damping_station_phase_excitation,FnB=2.26,1,5.02522323101959,16.870572580620447,added_mass,heave,pitch,-8.321448600517664,0.0
matched_raw_added_and_damping_station_phase_excitation,FnB=2.26,1,5.02522323101959,16.870572580620447,added_mass,pitch,heave,-13.062301256199952,0.0
matched_raw_added_and_damping_station_phase_excitation,FnB=2.26,1,5.02522323101959,16.870572580620447,added_mass,pitch,pitch,10.226001812939474,0.0
matched_raw_added_and_damping_station_phase_excitation,FnB=2.26,1,5.02522323101959,16.870572580620447,radiation_damping,heave,heave,422.5316363902362,0.0
matched_raw_added_and_damping_station_phase_excitation,FnB=2.26,1,5.02522323101959,16.870572580620447,radiation_damping,heave,pitch,-559.3370885850705,0.0
matched_raw_added_and_damping_station_phase_excitation,FnB=2.26,1,5.02522323101959,16.870572580620447,radiation_damping,pitch,heave,70.73602467678175,0.0
matched_raw_added_and_damping_station_phase_excitation,FnB=2.26,1,5.02522323101959,16.870572580620447,radiation_damping,pitch,pitch,169.5694080099945,0.0
matched_raw_added_and_damping_station_phase_excitation,FnB=2.26,1,5.02522323101959,16.870572580620447,restoring,heave,heave,3521.186818985898,0.0
matched_raw_added_and_damping_station_phase_excitation,FnB=2.26,1,5.02522323101959,16.870572580620447,restoring,heave,pitch,-2176.726217682301,0.0
matched_raw_added_and_damping_station_phase_excitation,FnB=2.26,1,5.02522323101959,16.870572580620447,restoring,pitch,heave,844.761079396415,0.0
matched_raw_added_and_damping_station_phase_excitation,FnB=2.26,1,5.02522323101959,16.870572580620447,restoring,pitch,pitch,545.9733934793043,0.0
matched_raw_added_and_damping_station_phase_excitation,FnB=2.26,1,5.02522323101959,16.870572580620447,excitation_per_wave_amplitude,heave,wave_amplitude,-2214.8370518659544,1041.2399226566222
matched_raw_added_and_damping_station_phase_excitation,FnB=2.26,1,5.02522323101959,16.870572580620447,excitation_per_wave_amplitude,pitch,wave_amplitude,992.1683918382939,-910.3344594937103
matched_raw_added_and_damping_station_phase_excitation,FnB=2.26,2,4.397718092036876,13.469485955510226,rigid_mass,heave,heave,32.60032733,0.0
matched_raw_added_and_damping_station_phase_excitation,FnB=2.26,2,4.397718092036876,13.469485955510226,rigid_mass,heave,pitch,0.0,0.0
matched_raw_added_and_damping_station_phase_excitation,FnB=2.26,2,4.397718092036876,13.469485955510226,rigid_mass,pitch,heave,0.0,0.0
matched_raw_added_and_damping_station_phase_excitation,FnB=2.26,2,4.397718092036876,13.469485955510226,rigid_mass,pitch,pitch,11.080492655866367,0.0
matched_raw_added_and_damping_station_phase_excitation,FnB=2.26,2,4.397718092036876,13.469485955510226,added_mass,heave,heave,64.07071924184822,0.0
matched_raw_added_and_damping_station_phase_excitation,FnB=2.26,2,4.397718092036876,13.469485955510226,added_mass,heave,pitch,-3.6307363500798213,0.0
matched_raw_added_and_damping_station_phase_excitation,FnB=2.26,2,4.397718092036876,13.469485955510226,added_mass,pitch,heave,-12.492955594719458,0.0
matched_raw_added_and_damping_station_phase_excitation,FnB=2.26,2,4.397718092036876,13.469485955510226,added_mass,pitch,pitch,10.62994747569597,0.0
matched_raw_added_and_damping_station_phase_excitation,FnB=2.26,2,4.397718092036876,13.469485955510226,radiation_damping,heave,heave,450.3255361598443,0.0
matched_raw_added_and_damping_station_phase_excitation,FnB=2.26,2,4.397718092036876,13.469485955510226,radiation_damping,heave,pitch,-552.7588769487708,0.0
matched_raw_added_and_damping_station_phase_excitation,FnB=2.26,2,4.397718092036876,13.469485955510226,radiation_damping,pitch,heave,59.02380607532037,0.0
matched_raw_added_and_damping_station_phase_excitation,FnB=2.26,2,4.397718092036876,13.469485955510226,radiation_damping,pitch,pitch,167.31867756043457,0.0
matched_raw_added_and_damping_station_phase_excitation,FnB=2.26,2,4.397718092036876,13.469485955510226,restoring,heave,heave,3521.186818985898,0.0
matched_raw_added_and_damping_station_phase_excitation,FnB=2.26,2,4.397718092036876,13.469485955510226,restoring,heave,pitch,-2176.726217682301,0.0
matched_raw_added_and_damping_station_phase_excitation,FnB=2.26,2,4.397718092036876,13.469485955510226,restoring,pitch,heave,844.761079396415,0.0
matched_raw_added_and_damping_station_phase_excitation,FnB=2.26,2,4.397718092036876,13.469485955510226,restoring,pitch,pitch,545.9733934793043,0.0
matched_raw_added_and_damping_station_phase_excitation,FnB=2.26,2,4.397718092036876,13.469485955510226,excitation_per_wave_amplitude,heave,wave_amplitude,-1957.2683437321357,-438.38473648376544
matched_raw_added_and_damping_station_phase_excitation,FnB=2.26,2,4.397718092036876,13.469485955510226,excitation_per_wave_amplitude,pitch,wave_amplitude,1049.5875293363533,-874.9085483114302
matched_raw_added_and_damping_station_phase_excitation,FnB=2.26,3,4.08359864090329,11.905696722913058,rigid_mass,heave,heave,32.60032733,0.0
matched_raw_added_and_damping_station_phase_excitation,FnB=2.26,3,4.08359864090329,11.905696722913058,rigid_mass,heave,pitch,0.0,0.0
matched_raw_added_and_damping_station_phase_excitation,FnB=2.26,3,4.08359864090329,11.905696722913058,rigid_mass,pitch,heave,0.0,0.0
matched_raw_added_and_damping_station_phase_excitation,FnB=2.26,3,4.08359864090329,11.905696722913058,rigid_mass,pitch,pitch,11.080492655866367,0.0
matched_raw_added_and_damping_station_phase_excitation,FnB=2.26,3,4.08359864090329,11.905696722913058,added_mass,heave,heave,63.51671807772748,0.0
matched_raw_added_and_damping_station_phase_excitation,FnB=2.26,3,4.08359864090329,11.905696722913058,added_mass,heave,pitch,-0.20188377527526336,0.0
matched_raw_added_and_damping_station_phase_excitation,FnB=2.26,3,4.08359864090329,11.905696722913058,added_mass,pitch,heave,-12.243224295218837,0.0
matched_raw_added_and_damping_station_phase_excitation,FnB=2.26,3,4.08359864090329,11.905696722913058,added_mass,pitch,pitch,10.882530205633397,0.0
matched_raw_added_and_damping_station_phase_excitation,FnB=2.26,3,4.08359864090329,11.905696722913058,radiation_damping,heave,heave,463.2816332772805,0.0
matched_raw_added_and_damping_station_phase_excitation,FnB=2.26,3,4.08359864090329,11.905696722913058,radiation_damping,heave,pitch,-549.6005545232674,0.0
matched_raw_added_and_damping_station_phase_excitation,FnB=2.26,3,4.08359864090329,11.905696722913058,radiation_damping,pitch,heave,53.48126172810563,0.0
matched_raw_added_and_damping_station_phase_excitation,FnB=2.26,3,4.08359864090329,11.905696722913058,radiation_damping,pitch,pitch,166.19645515153516,0.0
matched_raw_added_and_damping_station_phase_excitation,FnB=2.26,3,4.08359864090329,11.905696722913058,restoring,heave,heave,3521.186818985898,0.0
matched_raw_added_and_damping_station_phase_excitation,FnB=2.26,3,4.08359864090329,11.905696722913058,restoring,heave,pitch,-2176.726217682301,0.0
matched_raw_added_and_damping_station_phase_excitation,FnB=2.26,3,4.08359864090329,11.905696722913058,restoring,pitch,heave,844.761079396415,0.0
matched_raw_added_and_damping_station_phase_excitation,FnB=2.26,3,4.08359864090329,11.905696722913058,restoring,pitch,pitch,545.9733934793043,0.0
matched_raw_added_and_damping_station_phase_excitation,FnB=2.26,3,4.08359864090329,11.905696722913058,excitation_per_wave_amplitude,heave,wave_amplitude,-1704.5472177223357,-1112.845632593673
matched_raw_added_and_damping_station_phase_excitation,FnB=2.26,3,4.08359864090329,11.905696722913058,excitation_per_wave_amplitude,pitch,wave_amplitude,1007.0123161473482,-835.0998838268905
matched_raw_added_and_damping_station_phase_excitation,FnB=2.26,4,3.7692553583355703,10.433459281099253,rigid_mass,heave,heave,32.60032733,0.0
matched_raw_added_and_damping_station_phase_excitation,FnB=2.26,4,3.7692553583355703,10.433459281099253,rigid_mass,heave,pitch,0.0,0.0
matched_raw_added_and_damping_station_phase_excitation,FnB=2.26,4,3.7692553583355703,10.433459281099253,rigid_mass,pitch,heave,0.0,0.0
matched_raw_added_and_damping_station_phase_excitation,FnB=2.26,4,3.7692553583355703,10.433459281099253,rigid_mass,pitch,pitch,11.080492655866367,0.0
matched_raw_added_and_damping_station_phase_excitation,FnB=2.26,4,3.7692553583355703,10.433459281099253,added_mass,heave,heave,63.0360347669315,0.0
matched_raw_added_and_damping_station_phase_excitation,FnB=2.26,4,3.7692553583355703,10.433459281099253,added_mass,heave,pitch,5.193990541339174,0.0
matched_raw_added_and_damping_station_phase_excitation,FnB=2.26,4,3.7692553583355703,10.433459281099253,added_mass,pitch,heave,-12.027829812651955,0.0
matched_raw_added_and_damping_station_phase_excitation,FnB=2.26,4,3.7692553583355703,10.433459281099253,added_mass,pitch,pitch,11.233105214864143,0.0
matched_raw_added_and_damping_station_phase_excitation,FnB=2.26,4,3.7692553583355703,10.433459281099253,radiation_damping,heave,heave,474.9380265154568,0.0
matched_raw_added_and_damping_station_phase_excitation,FnB=2.26,4,3.7692553583355703,10.433459281099253,radiation_damping,heave,pitch,-546.7093396565125,0.0
matched_raw_added_and_damping_station_phase_excitation,FnB=2.26,4,3.7692553583355703,10.433459281099253,radiation_damping,pitch,heave,48.46646817101966,0.0
matched_raw_added_and_damping_station_phase_excitation,FnB=2.26,4,3.7692553583355703,10.433459281099253,radiation_damping,pitch,pitch,165.1538274617068,0.0
matched_raw_added_and_damping_station_phase_excitation,FnB=2.26,4,3.7692553583355703,10.433459281099253,restoring,heave,heave,3521.186818985898,0.0
matched_raw_added_and_damping_station_phase_excitation,FnB=2.26,4,3.7692553583355703,10.433459281099253,restoring,heave,pitch,-2176.726217682301,0.0
matched_raw_added_and_damping_station_phase_excitation,FnB=2.26,4,3.7692553583355703,10.433459281099253,restoring,pitch,heave,844.761079396415,0.0
matched_raw_added_and_damping_station_phase_excitation,FnB=2.26,4,3.7692553583355703,10.433459281099253,restoring,pitch,pitch,545.9733934793043,0.0
matched_raw_added_and_damping_station_phase_excitation,FnB=2.26,4,3.7692553583355703,10.433459281099253,excitation_per_wave_amplitude,heave,wave_amplitude,-1383.131615587009,-1679.4975437724913
matched_raw_added_and_damping_station_phase_excitation,FnB=2.26,4,3.7692553583355703,10.433459281099253,excitation_per_wave_amplitude,pitch,wave_amplitude,915.2953304342914,-803.3618087265844
matched_raw_added_and_damping_station_phase_excitation,FnB=2.26,5,3.4552807643325787,9.055484680826687,rigid_mass,heave,heave,32.60032733,0.0
matched_raw_added_and_damping_station_phase_excitation,FnB=2.26,5,3.4552807643325787,9.055484680826687,rigid_mass,heave,pitch,0.0,0.0
matched_raw_added_and_damping_station_phase_excitation,FnB=2.26,5,3.4552807643325787,9.055484680826687,rigid_mass,pitch,heave,0.0,0.0
matched_raw_added_and_damping_station_phase_excitation,FnB=2.26,5,3.4552807643325787,9.055484680826687,rigid_mass,pitch,pitch,11.080492655866367,0.0
matched_raw_added_and_damping_station_phase_excitation,FnB=2.26,5,3.4552807643325787,9.055484680826687,added_mass,heave,heave,62.61646982931589,0.0
matched_raw_added_and_damping_station_phase_excitation,FnB=2.26,5,3.4552807643325787,9.055484680826687,added_mass,heave,pitch,12.467720286533122,0.0
matched_raw_added_and_damping_station_phase_excitation,FnB=2.26,5,3.4552807643325787,9.055484680826687,added_mass,pitch,heave,-11.840566042155347,0.0
matched_raw_added_and_damping_station_phase_excitation,FnB=2.26,5,3.4552807643325787,9.055484680826687,added_mass,pitch,pitch,11.678203169496491,0.0
matched_raw_added_and_damping_station_phase_excitation,FnB=2.26,5,3.4552807643325787,9.055484680826687,radiation_damping,heave,heave,485.31143776158166,0.0
matched_raw_added_and_damping_station_phase_excitation,FnB=2.26,5,3.4552807643325787,9.055484680826687,radiation_damping,heave,pitch,-544.1137738580607,0.0
matched_raw_added_and_damping_station_phase_excitation,FnB=2.26,5,3.4552807643325787,9.055484680826687,radiation_damping,pitch,heave,43.99443909521054,0.0
matched_raw_added_and_damping_station_phase_excitation,FnB=2.26,5,3.4552807643325787,9.055484680826687,radiation_damping,pitch,pitch,164.21248157616031,0.0
matched_raw_added_and_damping_station_phase_excitation,FnB=2.26,5,3.4552807643325787,9.055484680826687,restoring,heave,heave,3521.186818985898,0.0
matched_raw_added_and_damping_station_phase_excitation,FnB=2.26,5,3.4552807643325787,9.055484680826687,restoring,heave,pitch,-2176.726217682301,0.0
matched_raw_added_and_damping_station_phase_excitation,FnB=2.26,5,3.4552807643325787,9.055484680826687,restoring,pitch,heave,844.761079396415,0.0
matched_raw_added_and_damping_station_phase_excitation,FnB=2.26,5,3.4552807643325787,9.055484680826687,restoring,pitch,pitch,545.9733934793043,0.0
matched_raw_added_and_damping_station_phase_excitation,FnB=2.26,5,3.4552807643325787,9.055484680826687,excitation_per_wave_amplitude,heave,wave_amplitude,-1051.369463884237,-2155.9220444791363
matched_raw_added_and_damping_station_phase_excitation,FnB=2.26,5,3.4552807643325787,9.055484680826687,excitation_per_wave_amplitude,pitch,wave_amplitude,805.8428474096178,-782.3367705712961
matched_raw_added_and_damping_station_phase_excitation,FnB=2.26,6,3.1411165469230062,7.769243434517255,rigid_mass,heave,heave,32.60032733,0.0
matched_raw_added_and_damping_station_phase_excitation,FnB=2.26,6,3.1411165469230062,7.769243434517255,rigid_mass,heave,pitch,0.0,0.0
matched_raw_added_and_damping_station_phase_excitation,FnB=2.26,6,3.1411165469230062,7.769243434517255,rigid_mass,pitch,heave,0.0,0.0
matched_raw_added_and_damping_station_phase_excitation,FnB=2.26,6,3.1411165469230062,7.769243434517255,rigid_mass,pitch,pitch,11.080492655866367,0.0
matched_raw_added_and_damping_station_phase_excitation,FnB=2.26,6,3.1411165469230062,7.769243434517255,added_mass,heave,heave,62.26154065688747,0.0
matched_raw_added_and_damping_station_phase_excitation,FnB=2.26,6,3.1411165469230062,7.769243434517255,added_mass,heave,pitch,22.66047402262604,0.0
matched_raw_added_and_damping_station_phase_excitation,FnB=2.26,6,3.1411165469230062,7.769243434517255,added_mass,pitch,heave,-11.682920220351868,0.0
matched_raw_added_and_damping_station_phase_excitation,FnB=2.26,6,3.1411165469230062,7.769243434517255,added_mass,pitch,pitch,12.273870044475466,0.0
matched_raw_added_and_damping_station_phase_excitation,FnB=2.26,6,3.1411165469230062,7.769243434517255,radiation_damping,heave,heave,494.26660886186613,0.0
matched_raw_added_and_damping_station_phase_excitation,FnB=2.26,6,3.1411165469230062,7.769243434517255,radiation_damping,heave,pitch,-541.8534236014483,0.0
matched_raw_added_and_damping_station_phase_excitation,FnB=2.26,6,3.1411165469230062,7.769243434517255,radiation_damping,pitch,heave,40.128693772539854,0.0
matched_raw_added_and_damping_station_phase_excitation,FnB=2.26,6,3.1411165469230062,7.769243434517255,radiation_damping,pitch,pitch,163.38930161473928,0.0
matched_raw_added_and_damping_station_phase_excitation,FnB=2.26,6,3.1411165469230062,7.769243434517255,restoring,heave,heave,3521.186818985898,0.0
matched_raw_added_and_damping_station_phase_excitation,FnB=2.26,6,3.1411165469230062,7.769243434517255,restoring,heave,pitch,-2176.726217682301,0.0
matched_raw_added_and_damping_station_phase_excitation,FnB=2.26,6,3.1411165469230062,7.769243434517255,restoring,pitch,heave,844.761079396415,0.0
matched_raw_added_and_damping_station_phase_excitation,FnB=2.26,6,3.1411165469230062,7.769243434517255,restoring,pitch,pitch,545.9733934793043,0.0
matched_raw_added_and_damping_station_phase_excitation,FnB=2.26,6,3.1411165469230062,7.769243434517255,excitation_per_wave_amplitude,heave,wave_amplitude,-723.2592320144505,-2535.217438458336
matched_raw_added_and_damping_station_phase_excitation,FnB=2.26,6,3.1411165469230062,7.769243434517255,excitation_per_wave_amplitude,pitch,wave_amplitude,684.0781300970494,-774.879435643511
matched_raw_added_and_damping_station_phase_excitation,FnB=2.26,7,2.8269822583560744,6.575705009721327,rigid_mass,heave,heave,32.60032733,0.0
matched_raw_added_and_damping_station_phase_excitation,FnB=2.26,7,2.8269822583560744,6.575705009721327,rigid_mass,heave,pitch,0.0,0.0
matched_raw_added_and_damping_station_phase_excitation,FnB=2.26,7,2.8269822583560744,6.575705009721327,rigid_mass,pitch,heave,0.0,0.0
matched_raw_added_and_damping_station_phase_excitation,FnB=2.26,7,2.8269822583560744,6.575705009721327,rigid_mass,pitch,pitch,11.080492655866367,0.0
matched_raw_added_and_damping_station_phase_excitation,FnB=2.26,7,2.8269822583560744,6.575705009721327,added_mass,heave,heave,61.97218213743102,0.0
matched_raw_added_and_damping_station_phase_excitation,FnB=2.26,7,2.8269822583560744,6.575705009721327,added_mass,heave,pitch,37.783332210066035,0.0
matched_raw_added_and_damping_station_phase_excitation,FnB=2.26,7,2.8269822583560744,6.575705009721327,added_mass,pitch,heave,-11.555014580696614,0.0
matched_raw_added_and_damping_station_phase_excitation,FnB=2.26,7,2.8269822583560744,6.575705009721327,added_mass,pitch,pitch,13.129155771481432,0.0
matched_raw_added_and_damping_station_phase_excitation,FnB=2.26,7,2.8269822583560744,6.575705009721327,radiation_damping,heave,heave,501.6915484779664,0.0
matched_raw_added_and_damping_station_phase_excitation,FnB=2.26,7,2.8269822583560744,6.575705009721327,radiation_damping,heave,pitch,-539.9663928613527,0.0
matched_raw_added_and_damping_station_phase_excitation,FnB=2.26,7,2.8269822583560744,6.575705009721327,radiation_damping,pitch,heave,36.92274182181237,0.0
matched_raw_added_and_damping_station_phase_excitation,FnB=2.26,7,2.8269822583560744,6.575705009721327,radiation_damping,pitch,pitch,162.70095776781702,0.0
matched_raw_added_and_damping_station_phase_excitation,FnB=2.26,7,2.8269822583560744,6.575705009721327,restoring,heave,heave,3521.186818985898,0.0
matched_raw_added_and_damping_station_phase_excitation,FnB=2.26,7,2.8269822583560744,6.575705009721327,restoring,heave,pitch,-2176.726217682301,0.0
matched_raw_added_and_damping_station_phase_excitation,FnB=2.26,7,2.8269822583560744,6.575705009721327,restoring,pitch,heave,844.761079396415,0.0
matched_raw_added_and_damping_station_phase_excitation,FnB=2.26,7,2.8269822583560744,6.575705009721327,restoring,pitch,pitch,545.9733934793043,0.0
matched_raw_added_and_damping_station_phase_excitation,FnB=2.26,7,2.8269822583560744,6.575705009721327,excitation_per_wave_amplitude,heave,wave_amplitude,-423.92441389918594,-2821.1659219882913
matched_raw_added_and_damping_station_phase_excitation,FnB=2.26,7,2.8269822583560744,6.575705009721327,excitation_per_wave_amplitude,pitch,wave_amplitude,561.5327038752428,-780.3347681264275
