iteration,pseudo_time,kinematic_rms,dipole_coefficient,root_thickness,root_s_lambda,root_measured_s_lambda,root_relative_mismatch,root_body_eta,root_resolution_ratio,bem_condition_number,accepted_time_step,maximum_displacement_ratio
0,0.0,1.3914637992639047,5.626213506867731,0.0029925011009551,1.6906102810240506,3.723178153137523,1.2022687280017534,0.1850748253069376,0.1735023468274283,58894.81929417053,,
1,0.0005703074875568,1.3095163000037546,5.671980979799026,0.0189718950999557,2.126623261866168,4.171263284791829,0.9614491008301276,0.1955958940053057,1.1028878848824175,31069.25627242616,0.0005703074875568,0.1918134677731774
2,0.0011762739996888,1.3075642846883495,5.679270012167497,0.0173876138404682,2.518043199244828,4.176557345096643,0.6586519827575676,0.1961760906198189,1.0119251076930282,31139.07355470472,0.000605966512132,0.1970374254582191
3,0.0017930757154902,1.299511751118522,5.68543602418345,0.0160410496315397,2.838085125896737,4.216489774042337,0.485681220611757,0.1966352242401765,0.9380559178050774,32061.16672538948,0.0006168017158013,0.197672104203859
4,0.0024224666299007,1.1179475377067951,5.714770850453355,0.0170111203002075,3.0863554545122835,4.072828093955407,0.3196237938183334,0.2022292976562769,0.988490948903698,59531.466114375726,0.0006293909144105,0.2019207660460877
5,0.0030240245664272,1.2025070923631571,5.722076335011488,0.0160191789173651,3.279111569551909,4.126867704883775,0.2585322631909447,0.2028319831668286,0.9319993606829066,31196.671469351684,0.0006015579365264,0.1956306462382151
6,0.0036398391415803,1.238606234882388,5.728562171555575,0.0150587850927511,3.446009752821205,4.189588276955383,0.2157795762259287,0.2033358754864889,0.8769171363197115,31246.250756744164,0.0006158145751531,0.1964201584701009
7,0.0042701091194466,1.2322701644876088,5.734154133561099,0.0141354605975749,3.593804712681526,4.262956144636703,0.1861958246072552,0.2037306129726597,0.8267178541218804,36645.39148693224,0.0006302699778663,0.1972852825100624
8,0.0049156120650597,1.2414138157326695,5.738744853960017,0.0132697004735349,3.728134520936278,4.34808770176185,0.1662904536690049,0.2040019432751059,0.7814430438723223,60581.70713502364,0.000645502945613,0.1980499949355605
9,0.0055761396134781,1.0438190158745433,5.766693776371428,0.013640782595792,3.829460394713692,4.191766907256148,0.094610330228926,0.2096485314379641,0.7926331991222836,59610.95945606789,0.0006605275484184,0.2043743661893304
10,0.0061864868436665,1.041735410113385,5.773839862760607,0.0129529391512213,3.90333682466472,4.258476640092471,0.0909836458856598,0.2102358441651619,0.7550815474231022,59836.51656960052,0.0006103472301883,0.195548899313999
11,0.0068121173245547,1.0930534474414657,5.780388680619537,0.0122263283337286,3.975096995397071,4.318673398119254,0.0864322060870527,0.2107520271605476,0.7121267963567912,59757.24835852925,0.0006256304808882,0.196263511227218
12,0.0074514975065585,1.1708531825149622,5.786258660271014,0.0114783027571072,4.044563026644202,4.377753192867699,0.0823797686001068,0.2111849885044794,0.6704338323597308,34187.10990362847,0.0006393801820037,0.197142109220269
13,0.0081053942420368,1.1820852970924545,5.791382336593397,0.0107286041983392,4.1120130797422725,4.435714750586399,0.0787209730530369,0.2115225955393391,0.6303231508965519,42953.00450668687,0.0006538967354782,0.1979403373250199
14,0.0087733162142593,1.2015985472048178,5.795630225520905,0.0100152034290596,4.177843220902154,4.496085924281117,0.076173921938182,0.211745924564167,0.5931815439313584,74199.20268297453,0.0006679219722225,0.1985157860359687
15,0.0094546751996558,0.9688288642332256,5.821793300472399,0.0103277645269052,4.218072792145579,4.293213083391343,0.0178138915444234,0.2174041436156939,0.600423451827527,59716.28056377295,0.0006813589853964,0.2056958704733801
16,0.0100699059336277,0.9419170152862693,5.8289749293912525,0.0097587134924771,4.233945442280104,4.311281970042829,0.0182658300200197,0.2180331370054948,0.5698930607026709,60082.83450760723,0.0006152307339719,0.1957292016563901
17,0.010698839873565,0.9539808251011926,5.835742402528834,0.0091157970775735,4.249479376990975,4.321039397284616,0.0168397146909585,0.2186115507793964,0.5314643271532794,59929.046833727,0.0006289339399373,0.1963345199966168
18,0.011338594739418,0.9442930071748274,5.855315839780188,0.0179875281702394,0.8658605273468387,4.63925355945872,4.35796864845459,0.2233474519858995,1.049868530701774,60002.04241484092,0.0006397548658529,0.1935799246966455
19,0.0119292585871558,0.9357973175232271,5.8628321552187,0.0161490333006089,1.5639818218320416,4.331768063126846,1.7697048665518578,0.2241517662360446,0.9423512872574484,60039.66643321653,0.0005906638477378,0.1856872609916306
20,0.0125497259040983,0.9383550289732602,5.870237049710789,0.0146291345187211,2.085193785161411,4.234976861759701,1.0309751985146456,0.2249544153198008,0.8540903402787776,31434.744223664664,0.0006204673169424,0.1925139420873521
21,0.0131906668771094,0.9573604434417776,5.877357869816237,0.0133384808777254,2.4936171716325632,4.212884571908295,0.6894672605860075,0.2257134202554758,0.7802231106007494,60279.70376577744,0.0006409409730111,0.1977652169778501
22,0.0138376818617062,1.0012071379068637,5.8840118054358905,0.0122185660276475,2.822231203073283,4.22451188970908,0.4968695283039804,0.2263990884048259,0.7172224868144236,31688.213238639644,0.0006470149845967,0.1980695938541343
23,0.0144918664591194,1.089480988956578,5.890204940879729,0.011205671532344,3.091596694127973,4.253341523459138,0.3757750263925842,0.2270085334238292,0.66119731433296,31917.24536900936,0.0006541845974132,0.1984572376293785
24,0.0151535447498032,1.1326222602107443,5.895933548394615,0.0102602973571399,3.315698251245024,4.29078798358871,0.2940827718498043,0.2275395741033503,0.6096232039634009,61604.91065205047,0.0006616782906837,0.1988999412139759
25,0.0158223432528283,1.1514786188522497,5.901181927699039,0.0093598115677609,3.504377846295329,4.331215006995564,0.2359440668118396,0.2279882483160238,0.5609497516194812,62317.62834331388,0.0006687985030251,0.1993881521779045
26,0.0164971579772993,1.1780197378575854,5.905910913116474,0.0084941561031306,3.664564895693767,4.370070293617598,0.1925209180366462,0.2283471683849085,0.5143304775207487,63192.44932920391,0.0006748147244709,0.19991781421125
27,0.0171760570803428,0.8867672562756167,5.927624536422369,0.0101011616210913,3.773051671841033,4.112142993962709,0.0898718998873976,0.2339099171000329,0.5851474239349398,59592.67801520072,0.0006788991030435,0.2038273915769253
28,0.017790455023868,0.841610080882429,5.935218276742611,0.0096721782669338,3.841972613579347,4.160547287620952,0.0829195588005004,0.2347152309783895,0.5736848412976572,32200.02450594404,0.0006143979435252,0.1948708420915441
29,0.0184234747377813,0.8128728336790939,5.9426722722121,0.0091782884593198,3.904607827192643,4.1847288482301,0.0717411410914626,0.2354973656894503,0.5409908491605461,31927.167013438982,0.0006330197139132,0.1952199752143975
30,0.0190642394646405,0.7992722792513806,5.949776178134114,0.0086241730331644,3.959389061184603,4.203006051641658,0.0615289345634975,0.2362342181650649,0.505316118921128,31669.74543520655,0.0006407647268592,0.1961003522564851
31,0.0197134969203734,0.8049630152959828,5.96346850270236,0.0179027794160538,0.8456074643154654,4.662204439652372,4.513438133409231,0.2395688261947726,1.0485741041275132,60503.48337027608,0.0006492574557329,0.1922407986225204
32,0.0203221468450518,0.7986697652190988,5.970548027974524,0.0161475398277292,1.550274400720396,4.330228799107331,1.7932015113550996,0.2404195482523197,0.9444456038679314,60443.65145038133,0.0006086499246783,0.1871572917967401
33,0.020958379465058,0.7950405217995005,5.977615566524641,0.01472317068462,2.0729192076023315,4.220002226327882,1.035777473068524,0.2412798553433881,0.8615562880279537,60522.42503937588,0.0006362326200062,0.192280813586178
34,0.0216148184770212,0.7934887132499022,5.984568188978365,0.0135335380371223,2.480034283895104,4.186465650413749,0.6880676519675164,0.2421151638586636,0.7929449511371222,31714.94425228794,0.0006564390119632,0.1978529537027644
35,0.0222748802809067,0.7964503152308855,5.9912196443426255,0.012521157754011,2.8054023902333567,4.187060474750944,0.4924990758287118,0.242895366141963,0.7351746092321817,60832.67169082962,0.0006600618038854,0.1980106086166413
36,0.022939638841721,0.8057744573041843,5.997589815965277,0.0116206000183897,3.0700370178303964,4.205045657657527,0.3697051967892049,0.243620940517979,0.6843779576651685,31954.551685068887,0.0006647585608143,0.1982479414357232
37,0.0236095922153096,0.8237874377257391,6.003690750998649,0.0107890071456108,3.288294275914562,4.23218199852688,0.2870447847462792,0.2442939636043237,0.6379781908100697,32131.923123267818,0.0006699533735885,0.1985302426837268
38,0.0242848515632605,0.8545542750305276,6.0095290094149325,0.0099983691629932,3.470422601042192,4.263590092311032,0.2285506932298811,0.2449163189976095,0.5942612284841943,32358.115572490664,0.0006752593479509,0.1988405515598722
39,0.0249652054149683,0.9057820927374972,6.015107652762976,0.0092303619956283,3.623855205869915,4.295700380815466,0.1853951487513346,0.2454888185098649,0.552073473501959,62398.44887939842,0.0006803538517078,0.1991717644896263
40,0.0256501384107441,0.993368664384812,6.020423190648007,0.0084729205856521,3.75393923776504,4.325363580784009,0.1522199233462219,0.2460107927903136,0.510615657154586,32968.13693055069,0.0006849329957757,0.1995218472465045
41,0.0263388245181566,0.7902632126661555,6.038532372840585,0.0182266780891017,0.6928019636337425,4.79342200441415,5.918892058666631,0.2514378180308547,1.0788092310899666,32144.997443365373,0.0006886861074125,0.1933631247650727
42,0.0269230181645107,0.7618653781971193,6.045687575386551,0.0167786431081163,1.4434970857834588,4.343150993345106,2.008770184657393,0.2524050781888527,0.9971823971241752,61922.9124494553,0.000584193646354,0.1871991462922915
43,0.0275243425103648,0.7406307792926777,6.052825107115973,0.0156295215751497,1.9856581110592293,4.18416527609988,1.1071932035006162,0.2533694267996469,0.9275672961219148,32342.001002673333,0.000601324345854,0.1847562834421758
44,0.0281481103979389,0.7237577122050134,6.059960068325022,0.0146734575580834,2.400540973281288,4.121244197741215,0.7167981065984083,0.2543199404621585,0.8678330406773593,61591.28564091299,0.0006237678875741,0.1858090994333819
45,0.0287969809499201,0.7093167174268046,6.067088837530263,0.0138431522367301,2.727181684502196,4.101204021189044,0.5038250089808936,0.2552514470301681,0.8157109165222638,32060.221606185823,0.0006488705519812,0.1924177641531534
46,0.0294646258577896,0.6970421074957244,6.074122794966079,0.0131008798205081,2.989246181747991,4.103351842500278,0.3727045525908486,0.2561522905120792,0.7697571129866465,61077.25800710727,0.0006676449078694,0.1969480328172602
47,0.0301373339170744,0.687328913101859,6.080930163364802,0.0124269832163018,3.2026286252975305,4.1177104962926,0.2857283744255725,0.2570066525523942,0.7290529896788979,60949.48223972412,0.0006727080592848,0.1973647457754809
48,0.0308148383294053,0.6802691896682483,6.0875254193697685,0.0117965829215868,3.3786031221963,4.13916656588717,0.2251118039565588,0.2578191870603672,0.6919578906910043,60950.32282556108,0.0006775044123308,0.1977224648289984
49,0.0314968807482861,0.6759659312259595,6.093924842963084,0.0111928544989949,3.525435855144844,4.16458205617661,0.1812956545781507,0.2585942818834126,0.6571927943687901,61059.22627659008,0.0006820424188808,0.198034842725818
50,0.0321831910699839,0.6745712816852335,6.100145375459503,0.0106042830248337,3.649278672265047,4.191807742974185,0.1486674818320737,0.259335615350972,0.6238587980300966,32020.35768606536,0.0006863103216977,0.1983163822640231
51,0.0328734788981541,0.6763274540739962,6.106196329699089,0.0100227523429301,3.754729437772964,4.219174015530007,0.1236958842053125,0.2600460828471784,0.5913146116339737,32138.604322798805,0.0006902878281702,0.1985773681594071
52,0.03356741849785,0.6815963972004958,6.112083917377254,0.0094422658028199,3.845204816930832,4.245254834379264,0.1040386758299508,0.2607278511897895,0.5590829875137456,61766.71754050512,0.0006939395996959,0.1988245460943519
53,0.0342646351720882,0.6905250296053886,6.117820682558486,0.0088581224792889,3.923203441369616,4.268747745539129,0.0880770802058845,0.2613824577645984,0.5267870836650749,62132.48239130757,0.0006972166742382,0.1990621360966731
54,0.0349646959647007,0.6513709418695119,6.130616294706691,0.0177807483492599,0.7738852183121825,4.735396518028816,5.118990783099018,0.2651464284586711,1.0559289309623778,32401.931530449743,0.0007000607926124,0.1957547504422269
55,0.0355754822912464,0.6435972605474022,6.137154262588706,0.0163616050514823,1.500303738731889,4.322394292751184,1.8810128117154647,0.2661057167239442,0.9628992473495168,32038.83336170484,0.0006107863265456,0.1888858785453629
56,0.0362129365770756,0.6363522266757826,6.1438165782337135,0.0152429726622405,2.028451393982039,4.1752219986931465,1.058329822977319,0.2670833823581613,0.8968370913525278,61294.68539310902,0.0006374542858292,0.1867999252508815
57,0.036870221667326,0.6292872668196507,6.150511438668612,0.0143394746136334,2.433588031248311,4.114503599851641,0.6907149225833032,0.2680546526292331,0.8433046054330227,61283.20226403075,0.0006572850902503,0.1919109213589025
58,0.0375468172058055,0.6226269940841863,6.157225895146962,0.0135836111205839,2.752437301183208,4.092277805707922,0.486783297097721,0.269012610843804,0.7983930692854175,61253.99511041779,0.0006765955384794,0.196828010243927
59,0.0382270651761372,0.6165936003000485,6.163807717427341,0.0129416422031518,3.007547139141581,4.089398632211165,0.3597122316022511,0.2699348647282029,0.7602693560440322,61226.53249612078,0.0006802479703317,0.1970989223412999
60,0.0389110245579817,0.6112107249808715,6.17026601080424,0.0123757506037221,3.21420806388742,4.097141940500982,0.2746971754982465,0.2708245547985515,0.7268100085693953,61217.42522052994,0.0006839593818444,0.1973720313475852
61,0.0395985929557254,0.6064980755304765,6.1766094633877575,0.0118604777792368,3.383388212162203,4.110911954508493,0.2150281601535036,0.2716853398600998,0.6965511360440633,61235.40861745016,0.0006875683977436,0.1976295925903357
62,0.0402895799269881,0.602472119056939,6.182845991436728,0.0113786773763249,3.523204787854286,4.128034038367292,0.1716701943066332,0.2725207662421398,0.6684839339969455,61284.23112299226,0.0006909869712627,0.1978654142672283
63,0.0409837540065776,0.5991403127245591,6.188985520388638,0.0109187231282444,3.639774441871884,4.146784731164467,0.1392971727753093,0.2733340094980279,0.6419033067002846,32078.99432146869,0.0006941740795894,0.1980790581898875
64,0.04168086779596,0.5964988777169113,6.195030247937053,0.0104726016236298,3.737749450364804,4.165945240419723,0.1145597894511434,0.2741278073649125,0.6163058692388736,61410.33561728663,0.0006971137893824,0.1982726059385939
65,0.0423806702452171,0.5945356965027432,6.200985724738111,0.0100346371578472,3.820681065039416,4.184594328470286,0.0952482704617261,0.2749044860572047,0.5913215780160815,61551.40651736118,0.000699802449257,0.1984489024159425
66,0.0430829117500457,0.5930840252656612,6.206861767591497,0.0096006619490332,3.8912801807103192,4.202007010017742,0.0798520833446391,0.2756660226931808,0.5666686086542748,32261.8890462719,0.0007022415048286,0.1986106475186769
67,0.0437873458642017,0.5919019263986911,6.212659184155656,0.0091674895235091,3.9516111286297217,4.217594683190148,0.0673101542389521,0.2764141148143979,0.5421240878037683,61849.26046327254,0.0007044341141559,0.198760028705158
68,0.0444937297513664,0.591360594082618,6.218385819169839,0.008732586992506,4.003237726965059,4.230859432718567,0.0568594026330964,0.2771502450170386,0.5175053608839919,32440.627023100293,0.0007063838871646,0.1988987265975537
69,0.0452018237876125,0.5807206963722992,6.227805885290818,0.0176464526515824,0.7965122048086921,4.731411055224153,4.940161401997038,0.2798357714877968,1.0443327846743202,32338.657202237897,0.0007080940362461,0.1952228615865525
70,0.0458363763829033,0.5762405247643086,6.233943967150667,0.0162734256525915,1.5185372241565342,4.325460991652484,1.8484392235133025,0.2808182873571923,0.9578740075412484,61483.42879391785,0.0006345525952907,0.1902453088118846
71,0.0464939187403692,0.571534512726904,6.240188561378426,0.0152160848604492,2.043503394282112,4.174497588842231,1.042814120359581,0.2818172477499487,0.8955863604539634,61513.31589019968,0.0006575423574658,0.1882768339261789
72,0.047169927766964,0.5666851324716684,6.2464860376558455,0.0143842731051314,2.4451881717611474,4.108219820032046,0.6801241996329057,0.2828130259161154,0.8465220771581791,61531.80219408864,0.0006760090265947,0.1929954220354927
73,0.0478619349836171,0.5619136781060065,6.252812748448892,0.013712995445058,2.760089910774012,4.079428079960103,0.478005504109143,0.2837979029092423,0.806903313725563,61544.85780663773,0.0006920072166531,0.1970605176203687
74,0.0485564987420016,0.5573769017562191,6.25905306279619,0.0131644016516567,3.010695466372906,4.069391649964582,0.3516450585642011,0.284753878467294,0.7745324507407947,61557.36142696787,0.0006945637583845,0.1972122064358927
75,0.0492537277220468,0.5530863532072545,6.265219518840616,0.0127011015539601,3.2123010651402284,4.06952349530478,0.2668561921132166,0.2856846555004388,0.7472112491748036,32188.93008014253,0.0006972289800452,0.1973763798722441
76,0.0499535363270551,0.5490328026032787,6.271314809230538,0.0122977290252396,3.375906859386964,4.075368561797262,0.2071922394616404,0.2865940705934839,0.7234538019265838,32195.9442815352,0.0006998086050083,0.1975374843333097
77,0.0506557608233182,0.5451479834034674,6.277348132072669,0.0119369901287003,3.5096847275631093,4.08441605035869,0.1637558263515696,0.2874856614426477,0.7022457183976595,32204.96356359256,0.000702224496263,0.1976884551330795
78,0.0513602091454957,0.5412303494238404,6.283324985271576,0.0116070256892911,3.6198296340923255,4.095143851520417,0.1313084496992568,0.2883625036485351,0.6828892139314734,32216.287923604046,0.0007044483221774,0.197826746603493
79,0.0520666866703256,0.5375007519305123,6.289251199061718,0.0112996298427396,3.7110983022211728,4.106569922626544,0.1065645768986158,0.28922719665687,0.6648988398033429,61590.45226178535,0.0007064775248299,0.1979520866900685
80,0.0527750085546065,0.5339482871598493,6.295128152851325,0.0110090535371775,3.787173534613193,4.118032918741429,0.0873631432793662,0.2900819140925303,0.6479317988706109,61626.917975262506,0.0007083218842808,0.1980652253102882
81,0.0534850049799486,0.5305622794234613,6.300960688339639,0.0107312084154361,3.850923603493129,4.129080656937611,0.0722312572475259,0.2909284742300722,0.6317418217658557,61667.70260961102,0.0007099964253421,0.1981673145881931
82,0.0541965226025798,0.5273317971233141,6.306751921342589,0.0104631423902631,3.904593683406944,4.139407599652811,0.0601378620376656,0.2917684087185173,0.6161489265678328,61711.96140553737,0.0007115176226311,0.1982595641029897
83,0.0549094241961216,0.5242455468242254,6.312507460421426,0.0102026959911391,3.949950143973024,4.1488153007474375,0.0503462447691521,0.2926030215193875,0.601019668501715,32285.845968204936,0.0007129015935418,0.1983431159432855
84,0.055623587229199,0.5212914244571462,6.318224589384236,0.0099482769826518,3.988390321196169,4.157183074785207,0.0423210217645937,0.2934334360746684,0.5862542010356796,32308.965526703047,0.0007141630330773,0.1984189524151589
85,0.0563389020743064,0.518456955454726,6.323909545695655,0.0096987113443152,4.021026227375602,4.1644459212522325,0.0356674355666255,0.2942606322521683,0.5717777049677631,61797.326414164905,0.0007153148451074,0.1984879380401608
86,0.0570552697012359,0.5157289420868483,6.329562004521996,0.0094531430384482,4.0487482710193685,4.170575946590362,0.0300902074952465,0.2950854744645426,0.5575345934374334,61851.361308173386,0.0007163676269294,0.198550748965741
87,0.0577725995926404,0.5130939786187266,6.335185514957956,0.00921096455324,4.072273661110079,4.175568898857788,0.0253654951370706,0.2959087334906585,0.5434844649684332,61904.61877859808,0.0007173298914045,0.198607939502838
88,0.0584908076659469,0.510538693664533,6.340784686441122,0.0089717673621942,4.0921832348449865,4.179434044208592,0.0213213349345317,0.2967311032809467,0.529599192282808,32390.71774937358,0.0007182080733065,0.1986599296275988
89,0.0592098145583176,0.5080498569445153,6.346356300645072,0.0087353049890478,4.108949549101407,4.1821871545245415,0.0178239242287973,0.2975532140157184,0.5158607373497444,32414.478429082446,0.0007190068923706,0.1987070124859234
90,0.0599295444619034,0.5056151286152549,6.351904500528985,0.0085014646583968,4.122958550827844,4.183847021803494,0.01476815015844,0.2983756425885493,0.5022594712160895,32437.006975491247,0.0007197299035857,0.1987494269839161
91,0.0606499241876125,0.5053684068999305,6.358430944348552,0.0175738665362594,0.8185924191103804,4.731609662499171,4.780177719751339,0.2999722955674666,1.033640603692093,61603.328372429285,0.0007203797257091,0.1933879045220886
92,0.061313190415526,0.5028156272898601,6.364113537512814,0.016335301423686,1.5368872451264743,4.326268768490842,1.814955216922776,0.3010027759776053,0.9639749088183414,61943.73023682373,0.0006632662279134,0.1920413414706293
93,0.061990918321624,0.4997519513632572,6.369845435505695,0.0154168612030532,2.0577707390147006,4.164961055787777,1.0240160756596426,0.3020388651477546,0.9098126271966877,61986.9881427517,0.000677727906098,0.1903343275695375
94,0.0626850664454628,0.5006819525456548,6.377657225792555,0.0294173888769921,2.410145618929864,3.656982006217934,0.5173282383832403,0.3029070914234959,1.737026782422474,62270.91946216612,0.0006941481238387,0.1891857984651723
95,0.0634022909522658,0.4966929474101264,6.383545010510608,0.0281729865439417,2.648734514810545,3.6506875484135817,0.3782761269581989,0.3038730447017366,1.666728733073747,32689.284911776296,0.0007172245068029,0.1943070337675291
96,0.06412921069453,0.4927171416265796,6.389439231037295,0.0270935347789561,2.841153828408689,3.6557615901694143,0.2867172321383887,0.3048439608374624,1.6028629012513649,62388.69496804847,0.0007269197422641,0.1961884852031939
97,0.0648615620141064,0.4888544590364786,6.395308778769681,0.0261568427068316,2.9980532313480937,3.6665540671356767,0.2229783076556607,0.3058102604610226,1.5473796187909885,62413.52310611152,0.0007323513195763,0.197331535237586
98,0.0655954371220752,0.4851493054699806,6.4011282485287895,0.0253422767431459,3.127135183856475,3.6800751074686455,0.1768199617549852,0.3067653751991113,1.499123217945891,62436.48086727476,0.0007338751079688,0.1973936501053768
99,0.0663308817339729,0.4816070938078642,6.406902232106563,0.024627805372261,3.234155436725568,3.6947946002315137,0.1424295067191705,0.307709419283279,1.4568144915238648,62460.25747954155,0.0007354446118977,0.1974632025056493
100,0.06706786594696,0.478223624195345,6.412634776328185,0.0239953840582999,3.323515916099572,3.709849837712256,0.1162425369294094,0.3086432997731736,1.4193909935482074,62485.77729513571,0.000736984212987,0.1975326241069622
101,0.067806315943128,0.4749029069709201,6.418329554839138,0.0234303882015025,3.398633105120799,3.7247518540578426,0.0959558560309652,0.3095683747287452,1.3859886509278472,62513.46358640175,0.000738449996168,0.1975974717521978
102,0.0685461391844076,0.471632937937275,6.4239930047713,0.0229211306971718,3.4621882626377367,3.739227046947812,0.0800184054979747,0.3104862041894218,1.3559149784616795,32692.357204792523,0.0007398232412796,0.1976554089244752
103,0.0692872402874472,0.4684925306749531,6.429622172806479,0.0224584080967725,3.5163036593958985,3.753124705851328,0.0673494297975719,0.3113983741198372,1.3286233436553692,32707.011800273245,0.0007411011030395,0.1977054706807118
104,0.0700295301104217,0.4697763361693933,6.437990077271649,0.0362636857414896,3.5173947737473386,3.3188287294564307,0.0564525897897326,0.312125129560995,2.1451967917850125,32838.12530418904,0.0007422898229745,0.1951447914014583
105,0.0707852406735116,0.4665518450974359,6.443455346156032,0.0354138476203284,3.482328161057951,3.3456866069676154,0.0392385633319586,0.3129380451309032,2.0966526456606034,32907.75807278311,0.0007557105630899,0.1982778170717339
106,0.0715412585054318,0.4633640545320305,6.448921388176873,0.0345605909463916,3.4590794607687654,3.372921573993036,0.0249077500973571,0.313766791256425,2.0463005997093875,32917.75450334435,0.0007560178319201,0.1982188135782149
107,0.0722975971097648,0.4602449796484283,6.454381874593508,0.0337150746950802,3.445421862560456,3.399968129204616,0.0131925015771685,0.3146081107178591,1.9963607799467424,32926.263280918574,0.000756338604333,0.1981897660325313
108,0.0730544127278609,0.4571856134872389,6.459835117965885,0.0328856367000991,3.439463433846333,3.426497337285525,0.003769802124719,0.3154598344665407,1.9473489104037816,62708.81806491122,0.000756815618096,0.198175150063845
109,0.0738117898980889,0.4540705392733283,6.46527699719528,0.0320785027649068,3.4396180944567187,3.452287952189251,0.0036835071175346,0.3163203083243535,1.899647139560828,62739.72032952138,0.000757377170228,0.1981688185865288
110,0.0745697657696661,0.4510473233772047,6.470707165912792,0.0312982008929295,3.444565433995212,3.4771887045135705,0.0094709394097704,0.3171882514011759,1.8535335464741107,62769.873252149526,0.0007579758715771,0.1981666052421803
111,0.0753283472218428,0.4481165033868287,6.476124483776199,0.0305478994703098,3.4532118996109595,3.501095523853829,0.0138664019570489,0.3180626704756879,1.8092032735158048,62800.05375803512,0.0007585814521767,0.198165623473243
112,0.0760875227389112,0.445277103253237,6.481528125850983,0.0298296841718264,3.464655587702186,3.523937522602698,0.0171104842602345,0.3189428054026688,1.7667857463472951,62830.87777450528,0.0007591755170684,0.1981638589288152
113,0.0768472708762863,0.4425272117974926,6.486917521681757,0.0291447878567809,3.478155360191004,3.5456677822892653,0.0194104101475655,0.3198280916777039,1.726358889943493,62862.86258340404,0.0007597481373751,0.1981598970764655
114,0.077607566462087,0.4398644363073227,6.492295591836516,0.0284937834806556,3.4931042779325057,3.5662571880972087,0.0209420917167696,0.3207181322799481,1.6879609715189807,32875.15410366607,0.0007602955858006,0.198152749938975
115,0.0783683851461505,0.4372857908740154,6.497655807767658,0.0278767461940533,3.509006943246601,3.585689196778317,0.0218529785697056,0.321612674158523,1.6516004680442824,32891.55695122346,0.0007608186840635,0.1981416986759017
116,0.0791297069525657,0.4393372779493123,6.506117142287705,0.0416016874041322,3.482399775240215,3.178054323054715,0.0873953227166477,0.322366206750599,2.4652594332646,33033.748846081464,0.0007613218064151,0.1959873341047083
117,0.0799012029743201,0.4365063363141133,6.511332070746185,0.0405696042111971,3.4275427614433327,3.208544451924176,0.0638936768295595,0.3231790877489486,2.405882237686644,33094.92972318262,0.0007714960217543,0.1985221623519932
118,0.0806720992531146,0.4336498683979994,6.516558160695481,0.0395276756403484,3.388994090481821,3.239689116236142,0.0440558378856459,0.324014524028507,2.344553266815632,33109.25720732548,0.0007708962787944,0.1983812467615343
119,0.0814427735366668,0.4308305887750364,6.521789611116843,0.0384931056854027,3.36370334839748,3.270666353400679,0.0276590963472225,0.3248686051554386,2.283642523774468,33123.95394048365,0.0007706742835521,0.1982799327497906
120,0.0822135207973771,0.4280791146575006,6.527023905187625,0.0374783718584758,3.349071711042522,3.301004033135864,0.0143525376742963,0.3257387301497689,2.223908279723571,63070.415734608,0.0007707472607103,0.1981993133122147
121,0.0829845290387292,0.4254116332534365,6.532256448775185,0.0364926293988609,3.342918029981309,3.330397842423445,0.0037452870353312,0.3266229603596999,2.165904848948875,63123.9841974012,0.000771008241352,0.1981307074038947
122,0.0837559234289268,0.4228358932957099,6.537485967063939,0.0355425456638075,3.3434267997744453,3.35864661511286,0.004552160477819,0.3275197759433697,2.1100366676071216,63179.3926981565,0.0007713943901975,0.1980686767563287
123,0.084527792433732,0.4256091573100702,6.546244061361601,0.0491305013905497,3.3100246350357856,3.000396043350235,0.0935426849722534,0.3282686116224949,2.915193107528763,63225.21638359114,0.0007718690048051,0.1960825377084963
124,0.085309006945124,0.4224960507558647,6.55126209614692,0.047732547317227,3.2548655458297784,3.038438463027331,0.0664934018794538,0.329067141929936,2.833506883068998,63309.34756736695,0.000781214511392,0.198623245297905
125,0.0860897449628149,0.4194336974381639,6.556296500153475,0.0463408155416215,3.2174679692932133,3.0764622817464087,0.0438250477992418,0.3298881408604113,2.751317796845221,63336.3687891996,0.0007807380176908,0.1984910079902077
126,0.0868703657982258,0.4164732847070381,6.561343291571806,0.0449712995449848,3.194395138661988,3.1138858976495167,0.0252032818476529,0.3307294035734782,2.6704745144482325,63367.68886795481,0.0007806208354108,0.198382804036155
127,0.0876510714384407,0.4136354008393209,6.5663995369775146,0.0436359044294619,3.182772620823058,3.150375388539566,0.010178933949455,0.3315892765280386,2.5916954003276507,63404.03225182445,0.0007807056402149,0.1982858897788641
128,0.0884319984973445,0.4109268149041536,6.571462333591095,0.0423435747746677,3.180218321880501,3.1857157218161376,0.0017286234400366,0.3324663905612997,2.515519077380949,63445.80249891201,0.0007809270589038,0.1981946130375287
129,0.0892132512364251,0.4083468774282149,6.576532524468244,0.0411009945885324,3.1847681222304947,3.2197605220340626,0.010987424660311,0.3333595408902283,2.4423480423140247,33185.255484399175,0.0007812527390805,0.1981056233248455
130,0.0899949196674314,0.4114797317288328,6.585370735953251,0.0546188452552779,3.158067730776452,2.8910043133320054,0.0845654495759612,0.3341245313086494,3.244388163622977,63581.508362402856,0.0007816684310063,0.196471838129337
131,0.0907836594641933,0.4082361959707303,6.590202136260362,0.0529714408851098,3.111353969824926,2.932672682565887,0.0574287879141868,0.3349083639815273,3.148272772097393,63668.95678225961,0.0007887397967618,0.198619183299574
132,0.0915725031435002,0.4051230834884474,6.595056704711884,0.0513456415510431,3.081454681608152,2.973845083542382,0.0349216877042014,0.335715526983118,3.052210445174231,63686.61587852265,0.0007888436793068,0.1984947083059779
133,0.0923615179941749,0.4021673239302005,6.599933325144939,0.0497548058827678,3.065037555179047,3.014144140672054,0.0166044994851686,0.3365446835957488,2.9582689113535583,33298.484140035966,0.0007890148506747,0.1983832824178679
134,0.0931508297415512,0.3993731652718101,6.604821389515028,0.0482090470766058,3.059347511471358,3.053382875273214,0.0019496432411744,0.3373948038680872,2.8670581933159616,33313.79462226025,0.0007893117473763,0.1982762508012444
135,0.0939405340123751,0.3967364255431092,6.609721375189243,0.0467161945087097,3.0621231271699303,3.0914424139754297,0.0095748229538362,0.3382649007727505,2.7790468383806592,33332.79682293675,0.0007897042708238,0.1981701128501607
136,0.0947307153974573,0.3941575724181487,6.614630148563557,0.0452822597768714,3.071513422964824,3.1282358165987443,0.0184672458892164,0.3391539917134194,2.694593362746204,33355.374200510574,0.0007901813850821,0.1980626896164561
137,0.0955214588244095,0.3970699025428787,6.623173370644037,0.0587765089089751,3.05085479146602,2.8186405825725367,0.0761144743902732,0.3397517834232979,3.495013449170306,63865.53439179357,0.0007907434269522,0.1965644020133474
138,0.096318284602364,0.3938797404339898,6.627824295523514,0.0569565553940397,3.010952469331902,2.8621279030097475,0.0494277368500529,0.3405162921774345,3.388080108878832,33401.072231415164,0.0007968257779545,0.198700414756848
139,0.0971150610045264,0.3908592424946913,6.632498116904651,0.0551679019676303,2.9868989808220814,2.9048576479173605,0.0274670597939474,0.3413052752140129,3.2822859152047617,33404.78054631579,0.0007967764021623,0.1985727427543308
140,0.0979120267923251,0.3880191280735829,6.6371952884758905,0.0534219300614689,2.975508840299616,2.946615800393261,0.009710285351881,0.3421181258829224,3.17909899852632,33413.599481466124,0.0007969657877986,0.1984516416398955
141,0.0987092961581018,0.3852582206221311,6.64191249666766,0.051727747768487,2.974170671998314,2.9873047464268105,0.0044160459761618,0.3429541438510075,3.079062686335834,33427.162704340306,0.0007972693657767,0.1983313588211757
142,0.099506967496556,0.3825990394123877,6.646646237535112,0.0500925172311733,2.9807542671878298,3.02686531167022,0.0154695893552784,0.3438125518050547,2.9826006596447785,33445.10057257447,0.0007976713384542,0.1982093736047358
143,0.1003051379686817,0.3860808216200473,6.65535004540027,0.0635157813602968,2.9602681239733646,2.738911942561292,0.074775720354331,0.3445111089468597,3.7802040532055865,33487.90605938394,0.0007981704721256,0.1969957441596577
144,0.1011076295368732,0.3828644104875497,6.659812625191003,0.061532639367629,2.9225374813756133,2.78357396196062,0.0475489263356118,0.3452441148366998,3.664019091069205,33516.779620962865,0.0008024915681915,0.1987606119789622
145,0.1019105178320306,0.3798411920034789,6.66430938642186,0.059583285429072,2.900470514847195,2.827433222868633,0.0251811875365365,0.3460034079489131,3.548611962827476,33517.30702011269,0.0008028882951573,0.198635105296236
146,0.1027137757694269,0.3768660778514997,6.6688354911501495,0.0576792135613431,2.890911444734271,2.870326616695483,0.0071205322031855,0.3467885792286871,3.435969821518389,33523.48142521516,0.0008032579373963,0.1985136522431482
147,0.1035174924753367,0.3740657508069221,6.673387461864808,0.0558293360410145,2.891284289108761,2.912218565101715,0.0072404765148178,0.3475992304303128,3.3266247160644675,33534.78230239908,0.0008037167059097,0.1983908250546743
148,0.1043217495025408,0.371442427827737,6.677961538546745,0.0540408004167562,2.899498146694632,2.95309669695839,0.0184854576730319,0.3484348012776601,3.2209965651496435,33550.645173793004,0.000804257027204,0.1982643032520465
149,0.1051266321659096,0.3750493801732371,6.686579702603109,0.0674201052103664,2.881984816453178,2.680412957820767,0.0699420265789196,0.3491071251697875,4.016169083813195,33572.20798872021,0.0008048826633687,0.1971714736789567
150,0.1059352199311155,0.3718170567579086,6.690865455458673,0.0653029034897015,2.848082258542708,2.725711726996499,0.0429659400388326,0.3498096507332566,3.891302967600348,33581.31409817326,0.0008085877652059,0.1988597905411475
151,0.1067440106720855,0.3686759255228566,6.695189729424772,0.0632232053342007,2.829233263559112,2.770117750858343,0.020894534735677,0.3505396967422018,3.768005986045977,33578.267110766785,0.0008087907409699,0.1987352190014003
152,0.1075531765506138,0.3657441079849341,6.699548733744424,0.0611913325533073,2.8223900276651164,2.813576577827486,0.0031226902558613,0.3512973603503586,3.647646697490814,33581.547994732726,0.0008091658785283,0.1986119074273807
153,0.1083628041727251,0.3630092648405076,6.703938796516953,0.0592158241832199,2.825079788328728,2.8561062317172183,0.0109825016329345,0.352082472870564,3.5307288493177755,33590.39105728999,0.0008096276221112,0.1984856482751323
154,0.1091729763339504,0.3604557402202559,6.70835592545571,0.0573036503032013,2.835304322944059,2.897732365468838,0.0220181100207107,0.3528946445557279,3.4176582209411186,33604.08586291903,0.0008101721612252,0.1983543857136812
155,0.109983782658547,0.3642128515639358,6.716895395915516,0.0706514979673623,2.820608456327568,2.636219365437728,0.0653720974551407,0.3535644925391852,4.2119869284672165,64333.44841537394,0.0008108063245966,0.1974392960300808
156,0.1107971124785212,0.3609528069641511,6.721020193991651,0.0684340497984283,2.790001642445907,2.681746543113752,0.0388010880299164,0.3542426567284231,4.081276572020324,64361.14807074749,0.0008133298199742,0.1989106518256841
157,0.1116108372624321,0.3579091955440658,6.72518846683804,0.0662559828598291,2.773867472084418,2.726366313989136,0.0171245232778145,0.3549496826785931,3.9520351829056697,64354.36994746453,0.0008137247839108,0.1987868510105389
158,0.1124250233326168,0.3550759948523098,6.729399370516443,0.0641273662118942,2.7692690086755367,2.770069870463929,0.0002891960968339,0.3556858021623277,3.825832838043936,33638.29654293314,0.0008141860701847,0.1986627172056708
159,0.113239752674108,0.3524384713661387,6.7336413570964,0.0620564531017066,2.77383195148088,2.8129151129094883,0.0140899528566404,0.3564510172328785,3.703154733429496,33646.34099557877,0.0008147293414911,0.1985343264421778
160,0.1140551077574412,0.3499799036925079,6.737914154219284,0.060050102074665,2.785644593773047,2.854955896915328,0.0248816030936671,0.3572450744540412,3.584397154541937,33659.17377287843,0.0008153550833332,0.1983997434390042
161,0.11446314399645924,0.34880237693187716,6.74007735083846,0.05907331258615995,2.8009310883197536,2.8747492869567344,0.026354878541929246,0.35765270087976564,3.5241457360779145,64291.47375755405,0.0004080362390180446,0.09917065729954436
162,0.11487101910387659,0.3537489163499648,6.746906587335487,0.0741360639125811,2.78581912394797,2.587080956841556,0.07133922134354832,0.3579525505273289,4.423355152422277,64452.699281708214,0.0004078751074173511,0.09868328019867445
163,0.11528019670324764,0.35210020704965594,6.748866595175771,0.07297463852580352,2.7503966182931947,2.6125619595664613,0.05011446633186636,0.35827255422816284,4.35464903087452,64444.68487887423,0.0004091775993710519,0.09952295813881508
164,0.11568940141422898,0.3505037455656476,6.750846739498578,0.07181781869666962,2.726510474331623,2.636967827274367,0.03284148287719544,0.35859970312055234,4.285695200183905,64417.57699263225,0.0004092047109813383,0.09949139365771206
165,0.11609868651867669,0.3489654493827673,6.752844345482086,0.07066870213575459,2.7117658717462367,2.66041640655705,0.018935803317017344,0.35893420409909593,4.217213740558125,64396.647905941296,0.00040928510444770375,0.09946172740791266
166,0.11650806216979144,0.34748577941222486,6.754857887919935,0.0695298520774598,2.70424878455371,2.6830588154986588,0.007835806075271465,0.3592761972427747,4.1493593518787115,64380.8130825572,0.0004093756511147506,0.09943283306149386
167,0.11691753449536439,0.3460632482279169,6.756885805585451,0.06840334249095413,2.7024378741746764,2.70504061379842,0.0009631080324236697,0.35962577720302935,4.082256328883803,64369.18045229863,0.00040947232557295393,0.0994041817050241
168,0.11732710812780604,0.3446954436406223,6.758926627649325,0.06729086325262194,2.7051280871411056,2.7264909975719926,0.007897189982402733,0.3599829965677732,4.016005671522055,64361.04710045921,0.00040957363244165665,0.09937542354674819
