benchmark,requirement,expected,actual,requirement_status,gate1_current_status,evidence,source_file
ma2005_wigley_iii_coefficients,provider_route_preserved,all rows use matched_bie_station_sweep,matched_bie_station_sweep,PASS,PENDING,8 matched row(s) in ma2005_wigley_iii_coefficients_comparison.csv,ma2005_wigley_iii_coefficients_comparison.csv
ma2005_wigley_iii_coefficients,coefficient_output_complete,reference/computed/error/gate/status columns present and finite,present=True; numeric_ok=True; rows=8,PASS,PENDING,comparison table contains the hard-gate columns required by the objective,ma2005_wigley_iii_coefficients_comparison.csv
ma2005_wigley_iii_coefficients,eq30_component_split_complete,time/gradient/Stokes/end contributions present and finite,present=True; numeric_ok=True,PASS,PENDING,Eq.30/Eq.32 split columns are available for every matched row,ma2005_wigley_iii_coefficients_comparison.csv
ma2005_wigley_iii_coefficients,closure_residual_below_1e-9,<1e-9,0.0,PASS,PENDING,reported coefficient equals the sum of pressure components to numerical precision,ma2005_wigley_iii_coefficients_comparison.csv
ma2005_wigley_iii_coefficients,finite_numeric_outputs,no NaN/Inf in selected hard-gate numeric columns,finite=True,PASS,PENDING,selected comparison numeric columns are finite,ma2005_wigley_iii_coefficients_comparison.csv
ma2005_wigley_iii_coefficients,current_default_gate,all coefficient rows PASS,"pass=0/8; failures=forward_speed_pressure_gradient_station_mapping,heave_time_derivative_body_potential_scale,mixed_component_cancellation",PENDING,PENDING,Gate 1 remains pending until every Wigley III coefficient passes,ma2005_wigley_iii_coefficients_gate1_failure_audit.csv
ma2005_wigley_iii_coefficients,diagnostic_candidate_exclusion,non-passing candidates remain diagnostic-only,best=gradient_flipped_keep_time_end; pass=0/8; max_gate=68.1587; median_gate=29.7261; improved=3; worsened=3,PASS,PENDING,diagnostic_only_excluded_because_full_gate_not_passed,ma2005_wigley_iii_coefficients_eq30_pressure_balance_candidate_summary.csv
ma2005_wigley_iii_coefficients,global_scale_fit_exclusion,global scale fits do not replace equation-level correction,best=least_squares_time_only; components=time_derivative; pass=2/8; max_gate=6.66667; time_scale=0.0904154; gradient_scale=0; stokes_scale=0; end_scale=0,PASS,PENDING,global_scale_fit_excluded_because_full_gate_not_passed,ma2005_wigley_iii_coefficients_eq30_component_scale_fit_summary.csv
ma2005_wigley_iii_coefficients,full_four_component_scale_fit_exclusion,even time+gradient+Stokes+end least-squares scaling must not become a default correction unless it passes all rows and is equation-traced,full_four_component_fit=least_squares_time_gradient_stokes_end; pass=4/8; max_gate=9.25131; median_gate=0.846055; time_scale=0.0938153; gradient_scale=0.312385; stokes_scale=-0.0855609; end_scale=-1.31141,PASS,PENDING,explicitly checks the diagnostic fit containing all four Eq.30/Eq.32 contribution families,ma2005_wigley_iii_coefficients_eq30_component_scale_fit_summary.csv
ma2005_wigley_iii_coefficients,coefficient_family_scale_fit_exclusion,"shared A/B, row, column, diagonal/coupling, or matrix-cell scales must not replace equation-level correction unless the full Gate 1 passes",best=column_and_ab_family_scale; groups=4; pass=5/8; max_gate=5.39515; median_gate=0.296615; group_scale_spread=10.3994,PASS,PENDING,coefficient_family_scale_excluded_because_full_gate_not_passed,ma2005_wigley_iii_coefficients_coefficient_family_scale_exclusion_summary.csv
ma2005_wigley_iii_coefficients,eq31_eq32_forward_identity_exclusion,Eq.31 direct-gradient or Eq.32 Stokes route can replace the current hybrid only if it passes all rows and the forward identity closes,best_equation_route=eq31_direct_time_plus_gradient; pass=0/8; max_gate=149.252; median_gate=34.1844; identity_max_residual_over_tol=141.613; identity_pass=2/8,PASS,PENDING,eq31_eq32_forward_routes_excluded_because_full_gate_not_passed_or_identity_not_closed,ma2005_wigley_iii_coefficients_eq31_eq32_forward_identity_summary.csv
ma2005_wigley_iii_coefficients,complex_forward_identity_audit,same-frequency A/B coefficient pairs reconstruct one complex generalized force and test Eq.31/Eq.32 magnitude-phase closure,"pairable=2/4; unpairable=2; identity_pass=0; identity_fail=2; max_identity_norm=0.872132; median_identity_norm=0.842112; max_closure_norm=1.29541e-17; scale_abs_range=[0.127868, 0.609669]; phase_range=[-54.2613, 0]; paired_cells=53;55; unpaired_cells=33;35; conclusion=complex_identity_partially_evaluable_and_not_closed_frequency_pair_gap",PASS,PENDING,"diagnostic-only audit reconstructs F_ij = omega^2 A_ij - i omega B_ij from raw A/B rows, then compares the Eq.31 pressure-gradient force with Eq.32 Stokes body plus end-contour force in magnitude and phase.",ma2005_wigley_iii_coefficients_complex_forward_identity_summary.csv
ma2005_wigley_iii_coefficients,projection_derivative_balance_audit,"Eq.31 direct pressure-gradient, d(phi*N)/dx projection derivative, and Eq.32 Stokes+end routes are compared before any projection proxy changes the default",same_frequency=4/8; frequency_gap_or_missing=4; G_vs_D_pass=2; G_vs_SE_pass=2; D_vs_SE_pass=2; max_G_D_norm=1.4767; max_G_SE_norm=0.942154; max_D_SE_norm=1.26824; conclusion=same_frequency_projection_balance_does_not_close,PASS,PENDING,"diagnostic-only audit compares G=direct Eq.31 gradient, D=d(phi*N_i)/dx proxy, and S+E=Eq.32 Stokes body plus end contour, while marking A/B frequency mismatches as weak evidence.",ma2005_wigley_iii_coefficients_projection_derivative_balance_summary.csv
ma2005_wigley_iii_coefficients,projection_transport_audit,"time-pressure projection transport derivative, direct Eq.31 gradient, endpoint jump, and Eq.32 Stokes+end routes are compared before any transport proxy changes the default",same_frequency=4/8; max_G_T_norm=1.4767; max_T_endpoint_norm=0.743066; max_G_SE_norm=0.872132; max_T_SE_norm=1.26824; conclusions=direct_gradient_matches_projection_transport:1;projection_transport_difference_distributed_along_station_sweep:3;projection_transport_weakened_by_ab_frequency_gap:4,PASS,PENDING,"diagnostic-only audit reconstructs rho*int(phi_j*N_i ds) from the time-pressure term, differentiates it along x, and compares that transport derivative with direct pressure-gradient, endpoint projection jump, and Eq.32 Stokes body plus end contour.",ma2005_wigley_iii_coefficients_projection_transport_summary.csv
ma2005_wigley_iii_coefficients,geometry_transport_balance_audit,inferred changing-section projection transport is compared with the Eq.32-required geometry balance before any correction enters the default,same_frequency=4/8; pass=1; fail=3; opposite_sign=2; wrong_magnitude=0; max_norm=1.45418; max_abs_inferred=1.51951; max_abs_required=3.3456; conclusion=same_frequency_geometry_transport_opposes_required_balance,PASS,PENDING,"diagnostic-only audit compares inferred=T-G against required=(Stokes+end)-G, exposing whether changing-section transport has the right sign and magnitude to explain the Eq.31/Eq.32 forward-speed identity gap.",ma2005_wigley_iii_coefficients_geometry_transport_balance_summary.csv
ma2005_wigley_iii_coefficients,eq30_component_contribution_audit,time/gradient/Stokes/end contribution dominance and required diagnostic scales are reported,"pass=0/8; max_gate=164.377; max_closure=0; dominant_current=forward_speed_pressure_gradient:5;time_derivative_pressure:3; failure_sources=forward_speed_pressure_gradient_station_mapping:5;mixed_component_cancellation:1;time_derivative_body_potential_scale:2; conclusion=Gate 1 remains PENDING: time-derivative body-potential scale dominates A33/A53, while forward-speed pressure-gradient/station mapping dominates most remaining failed damping/coupling rows.",PASS,PENDING,component-level audit records four pressure/forward-speed contribution families and keeps single-component inverse scales diagnostic-only,ma2005_wigley_iii_coefficients_eq30_component_contribution_summary.csv
ma2005_wigley_iii_coefficients,station_mapping_gradient_audit,forward-gradient-dominant failures are checked against adjacent station/body/geometry mapping jumps,"forward_gradient_failures=5; high_mapping_risk=5; peak_near_aft_startup=8; max_body_jump=1.07917; max_panel_y_jump=0.484868; max_beam_jump=0.486842; max_gradient_gain_L=105.02; conclusion=Forward-gradient-dominant failures coincide with large body-potential, panel, or station-geometry jumps at the pressure-gradient peak.",PASS,PENDING,"diagnostic-only audit links Eq.30 forward-speed pressure-gradient peaks to station-to-station body-potential jumps, panel geometry jumps, hull-section geometry jumps, and dphi/dx gain.",ma2005_wigley_iii_coefficients_station_mapping_gradient_summary.csv
ma2005_wigley_iii_coefficients,station_marching_direction_audit,A1 local-time station marching direction is checked against solve_order and pressure-gradient peak location,"a1_match=8/8; mismatch=0; aft_peak=8; bow_start_peak=0; march_start_peak=0; first_x_over_l_range=[0.975, 0.975]; last_x_over_l_range=[0.025, 0.025]; conclusion=a1_bow_to_aft_marching_confirmed_aft_terminal_gradient_peak_remains",PASS,PENDING,"diagnostic-only audit distinguishes storage order, A1 bow-to-aft local-time marching, and aft/bow pressure-gradient peaks before any station-order or endpoint correction can alter the default route.",ma2005_wigley_iii_coefficients_station_marching_direction_summary.csv
ma2005_wigley_iii_coefficients,aft_terminal_end_closure_audit,aft-terminal residual share and required end-contour scale are reported before endpoint fixes enter the default,"finite_end_scale=6/8; scale_abs_range=[2.08372, 17.2874]; scale_abs_spread=8.29644; terminal_10pct_high_share=0/8; terminal_10pct_share_range=[0, 0.367848]; end_endpoint_ratio_range=[0.438853, 0.801548]; decisions=end_scale_not_evaluable:2;finite_required_end_scale_but_needs_shared_trace:6; conclusion=end_scale_not_finite_for_all_rows_terminal_band_not_sufficient",PASS,PENDING,diagnostic-only audit tests whether the Eq.31/Eq.32 forward-speed residual is confined to the aft terminal band and whether a shared formula-derived end-contour scale could close it.,ma2005_wigley_iii_coefficients_aft_terminal_end_closure_summary.csv
ma2005_wigley_iii_coefficients,stokes_end_lever_consistency_audit,Eq.32 Stokes/end/lever consistency is reported and kept diagnostic-only unless the forward identity closes,"identity_pass=2/8; identity_fail=6; heave_m3_zero_pass=4/4; end_lever_pass=8/8; max_identity_residual_over_tol=141.613; end_ratio_abs_range=[0.438853, 0.801548]; conclusion=eq31_eq32_stokes_end_identity_not_closed",PASS,PENDING,"diagnostic-only audit verifies m_i row expectations, end-contour lever consistency, endpoint ratio behavior, and Eq.31/Eq.32 forward-speed identity residuals before any Stokes/end route can alter the default.",ma2005_wigley_iii_coefficients_stokes_end_lever_consistency_summary.csv
ma2005_wigley_iii_coefficients,free_surface_marching_time_step_exclusion,free-surface marching/time-step candidates cannot replace the default unless all Wigley III rows pass,best=free_surface_marching_disabled; time_step_scale=1; use_marching=False; velocity_scale=1; history_rhs_scale=1; pass=1/8; max_gate=21.4786; median_gate=5.55242; improved=7; worsened=1; best_time_step=free_surface_time_step_quarter; time_step_scale=0.25; pass=0/8; max_gate=61.1746; median_gate=10.388,PASS,PENDING,free_surface_marching_candidates_excluded_because_full_gate_not_passed,ma2005_wigley_iii_coefficients_free_surface_marching_candidate_summary.csv
ma2005_wigley_iii_coefficients,local_time_pressure_free_surface_cross_probe,A1 local-time Eq.30 pressure recovery and free-surface marching interaction is separated before defaulting any phase correction,best=local_phase_chain_no_free_surface_marching; use_marching=False; apply_local_time_phase=True; chain_gradient=True; pass=1/8; max_gate=21.1078; median_gate=5.706; worst=B35; A33_status=PASS; A33_gate=0.313116; conclusion=local_time_chain_closes_a33_only,PASS,PENDING,local_time_free_surface_cross_probe_excluded_because_full_gate_not_passed,ma2005_wigley_iii_coefficients_local_time_free_surface_cross_probe_summary.csv
ma2005_wigley_iii_coefficients,rhs_source_decomposition,Eq.23/Eq.24 RHS source split reconstructs the matched solution and remains diagnostic-only,rows=8; reconstruction_statuses=PASS; max_source_sum_relative_residual=9.65634e-16; dominant_sources=inner_free_surface_potential:8; worst_coefficient=B35; worst_dominant=inner_free_surface_potential; worst_body_ratios=inner_free_surface_potential:0.921713;body_normal_velocity:0.12671;outer_control_history:0.000159525; worst_rhs_ratios=inner_free_surface_potential:0.778909;body_normal_velocity:0.407325;outer_control_history:0.00138389; conclusion=rhs_source_decomposition_identifies_inner_free_surface_potential_as_body_potential_dominant,PASS,PENDING,"diagnostic-only source split solves the same matched system with body normal velocity, inner-free-surface known potential, and outer-control history isolated; it identifies the dominant source path without applying empirical source scales.",ma2005_wigley_iii_coefficients_rhs_source_decomposition_summary.csv
ma2005_wigley_iii_coefficients,inner_free_surface_state_marching,inner-free-surface state transfer and Eq.19-Eq.22 update reconstruct the stored marching state,rows=8; reconstruction_statuses=PASS; max_update_relative_residual=0; max_transfer_relative_residual=0; worst_coefficient=B35; peak_x_over_l=0.342105; peak_potential_after_norm=3.19009; max_growth=5.06379; update_kinds=advance_eq19_20:38;initialize_eq21_22:1; conclusion=inner_free_surface_state_reconstructs_eq19_22_but_gate_row_still_fails,PASS,PENDING,"diagnostic-only state audit recomputes station-to-station transfer and local staggered free-surface update from stored matched station data; it does not promote any marching scale, phase, or source candidate.",ma2005_wigley_iii_coefficients_inner_free_surface_state_marching_summary.csv
ma2005_wigley_iii_coefficients,station_forward_identity_localization,station-wise Eq.31/Eq.32 forward identity residual is localized and closes against the reported whole-ship residual,worst_coefficient=B33; peak_station=2; peak_x_over_l=0.075; peak_share=0.101607; first_share=0.0336542; configured_end_share=0.0336542; centroid_x_over_l=0.345544; conclusion=residual_distributed_along_station_sweep; max_station_integral_closure=5.32907e-15,PASS,PENDING,station residuals are diagnostic-only and must not change the default route; they localize the Eq.30/Eq.32 mismatch by station and endpoint contribution,ma2005_wigley_iii_coefficients_station_forward_identity_summary.csv
ma2005_wigley_iii_coefficients,section_force_derivative_path_localization,A/B reconstructed section-force derivative path is reported when coefficient pairs are available,worst_coefficient=B33; matrix_cell=33; gradient_integral=8.67842; derivative_proxy_integral=1.84194; difference_integral=6.83648; peak_station=0; peak_x_over_l=0.025; centroid_x_over_l=0.255911; conclusion=difference_distributed_along_station_sweep; max_station_integral_closure=1.77636e-15,PASS,PENDING,diagnostic-only check comparing Eq.30 pressure-gradient density with U/(-i omega) times the longitudinal derivative of reconstructed time-pressure station-force density,ma2005_wigley_iii_coefficients_section_force_derivative_summary.csv
ma2005_wigley_iii_coefficients,failure_source_identified,every failing row has a classified source and blocker,"forward_speed_pressure_gradient_station_mapping,heave_time_derivative_body_potential_scale,mixed_component_cancellation",PASS,PENDING,failure classifications are written per coefficient,ma2005_wigley_iii_coefficients_gate1_failure_audit.csv
ma2005_wigley_iii_coefficients,sl7_c1_data_discipline,SL-7 and C1 trimaran not used as hard Gate 1 targets without real offsets,surrogate/not-evaluated until machine-readable offsets are supplied,PASS,PENDING,Gate 1 is scoped to Wigley III; SL-7/C1 remain data-limited,docs/next_phase_gate1_goal_acceptance_20260801.md
