benchmark,force_assembly_route,route_order,route_matches_current_default,equation_basis,row_count,pass_count,fail_count,pass_fraction,median_gate_error_ratio,max_gate_error_ratio,improved_row_count,worsened_row_count,candidate_gate_status,candidate_default_gate_eligible,candidate_exclusion_reason,diagnostic_conclusion,gate_role,path_diagnostic_status
ma2005_wigley_iii_coefficients,eq31_pressure_gradient_plus_row_measure_transport,4,False,Eq.31 direct pressure-gradient plus the product-rule row-measure geometry-transport term.,8,0,8,0.0,27.59653301120794,126.86425424378183,4,2,FAIL,false,"diagnostic-only route comparison; a route can be promoted only with full Gate 1 closure and a traced Eq.31/Eq.32 derivation, not by coefficient-level recombination alone.",route_excluded_because_gate1_or_identity_not_closed,diagnostic_force_assembly_route_candidate_not_hard_gate,INFO
ma2005_wigley_iii_coefficients,eq31_pressure_gradient_plus_row_measure_transport_plus_end,6,False,Mixed diagnostic: Eq.31 direct pressure-gradient plus row-measure geometry transport plus Eq.32 end contour.,8,0,8,0.0,34.668581754620476,141.98958138052618,4,2,FAIL,false,"diagnostic-only route comparison; a route can be promoted only with full Gate 1 closure and a traced Eq.31/Eq.32 derivation, not by coefficient-level recombination alone.",route_excluded_because_gate1_or_identity_not_closed,diagnostic_force_assembly_route_candidate_not_hard_gate,INFO
ma2005_wigley_iii_coefficients,eq31_pressure_gradient_only,1,False,Eq.31 direct pressure-gradient route without Eq.32 end contour.,8,0,8,0.0,34.184410808791704,149.25201424088542,4,2,FAIL,false,"diagnostic-only route comparison; a route can be promoted only with full Gate 1 closure and a traced Eq.31/Eq.32 derivation, not by coefficient-level recombination alone.",route_excluded_because_gate1_or_identity_not_closed,diagnostic_force_assembly_route_candidate_not_hard_gate,INFO
ma2005_wigley_iii_coefficients,eq32_stokes_body_plus_end,2,False,Eq.32 Stokes body forward-speed term plus end contour.,8,0,8,0.0,74.50512233999663,161.95457368479902,4,2,FAIL,false,"diagnostic-only route comparison; a route can be promoted only with full Gate 1 closure and a traced Eq.31/Eq.32 derivation, not by coefficient-level recombination alone.",route_excluded_because_gate1_or_identity_not_closed,diagnostic_force_assembly_route_candidate_not_hard_gate,INFO
ma2005_wigley_iii_coefficients,current_hybrid_pressure_gradient_plus_end,0,True,Eq.30 time pressure + Eq.31 direct pressure-gradient + Eq.32 end contour.,8,0,8,0.0,34.9281261212165,164.37734137762976,0,0,FAIL,false,"diagnostic-only route comparison; a route can be promoted only with full Gate 1 closure and a traced Eq.31/Eq.32 derivation, not by coefficient-level recombination alone.",current_default_route_baseline,diagnostic_force_assembly_route_candidate_not_hard_gate,INFO
ma2005_wigley_iii_coefficients,eq31_pressure_gradient_minus_row_measure_transport,5,False,Eq.31 direct pressure-gradient minus the product-rule row-measure geometry-transport term.,8,0,8,0.0,61.995218120342535,171.639774237989,0,6,FAIL,false,"diagnostic-only route comparison; a route can be promoted only with full Gate 1 closure and a traced Eq.31/Eq.32 derivation, not by coefficient-level recombination alone.",route_excluded_because_gate1_or_identity_not_closed,diagnostic_force_assembly_route_candidate_not_hard_gate,INFO
ma2005_wigley_iii_coefficients,eq32_stokes_body_only,3,False,Eq.32 Stokes body forward-speed term without end contour.,8,0,8,0.0,64.12746733228593,172.04785292484988,4,2,FAIL,false,"diagnostic-only route comparison; a route can be promoted only with full Gate 1 closure and a traced Eq.31/Eq.32 derivation, not by coefficient-level recombination alone.",route_excluded_because_gate1_or_identity_not_closed,diagnostic_force_assembly_route_candidate_not_hard_gate,INFO
ma2005_wigley_iii_coefficients,all_terms_pressure_gradient_stokes_end,8,False,Diagnostic over-counting route: Eq.31 direct gradient and Eq.32 Stokes/end terms together.,8,0,8,0.0,101.06516468474594,182.717139833063,0,3,FAIL,false,"diagnostic-only route comparison; a route can be promoted only with full Gate 1 closure and a traced Eq.31/Eq.32 derivation, not by coefficient-level recombination alone.",route_excluded_because_gate1_or_identity_not_closed,diagnostic_force_assembly_route_candidate_not_hard_gate,INFO
ma2005_wigley_iii_coefficients,eq31_pressure_gradient_minus_row_measure_transport_plus_end,7,False,Mixed diagnostic: Eq.31 direct pressure-gradient minus row-measure geometry transport plus Eq.32 end contour.,8,0,8,0.0,59.425386158660864,186.76510137473335,0,6,FAIL,false,"diagnostic-only route comparison; a route can be promoted only with full Gate 1 closure and a traced Eq.31/Eq.32 derivation, not by coefficient-level recombination alone.",route_excluded_because_gate1_or_identity_not_closed,diagnostic_force_assembly_route_candidate_not_hard_gate,INFO
