panel_index,mid_xi,mid_eta,panel_length,kinematic_residual_midpoint,kinematic_residual_left,kinematic_residual_right,kinematic_integral_panel_linear_exact
0,4.325243616772738,0.42267017733522794,0.003268608531018536,-0.08437624987087577,-0.3489574950682415,0.18020499532648948,9.954143056431853e-05
1,4.326370888601874,0.41954549701607313,0.0033751387781280023,0.08762701275630747,0.16612245622865185,0.00913156928396397,3.284799221784813e-05
2,4.3275176206895765,0.41631270335911985,0.0034851711700576056,-0.028652769767049335,0.011414726115180684,-0.06872026564927847,4.726296238035522e-06
3,4.328762389726645,0.4129983646270993,0.0035966196521759596,-0.03660715317603547,-0.03007769333852739,-0.043136613013543545,4.870883816104573e-06
4,4.330196432669037,0.4096385618541497,0.0037121228026606064,0.02303828458892898,0.02790433574620721,0.018172233431650753,1.9995548994058294e-06
5,4.331847809099838,0.4062497340814729,0.003829448402415782,0.06459640373659159,0.08900257821114721,0.04019022926203597,1.6739473111793184e-05
6,4.33369513048833,0.4028275448091244,0.003949787681398157,0.06855555039677164,0.10298103070359632,0.03413007008994695,2.0123778741535843e-05
7,4.335721856617045,0.39936640458683714,0.004073029985021582,0.05763209031926397,0.094331902757268,0.020932277881260397,1.5357019781866085e-05
8,4.3379269831318865,0.39586788572309106,0.004199038842267185,0.0494817888150334,0.08545857690280245,0.013505000727263905,1.2092772146725363e-05
9,4.3403175597388115,0.39233830034853207,0.004328053895863714,0.04666357699181933,0.08335606673283102,0.009971087250808086,1.1366633858415988e-05
10,4.342897860782809,0.3887824126915551,0.0044599215746284485,0.042829555967147215,0.0806673319031117,0.0049917800311836125,1.0309569401122675e-05
11,4.34566987371864,0.38520360985771773,0.004594756403587796,0.039749391915081755,0.07787084601375627,0.0016279378164081315,9.48554949391258e-06
12,4.348636693853974,0.3816059775789506,0.004732606814627507,0.03761480152742047,0.07610795776649759,-0.0008783547116575363,9.033509903690799e-06
13,4.351800789348113,0.37799312203384355,0.004873463108314772,0.03576912882702832,0.07446868759746783,-0.0029304299434107506,8.668181226604359e-06
14,4.35516436709502,0.37436840205653565,0.005017373504174723,0.03452105802885974,0.07317458380895969,-0.004132467751240654,8.478032282926377e-06
15,4.358729821795633,0.37073528306877934,0.005164363951135617,0.034131274039320036,0.07265137085851414,-0.004388822779874069,8.57048483918563e-06
16,4.36249930878231,0.3670969348982521,0.005314468281837251,0.034021661001902626,0.07236866846974577,-0.004325346465940516,8.756318533499867e-06
17,4.366474534337852,0.36345596780923317,0.005467711977144202,0.03391518552145767,0.07199452264533468,-0.004164151602418453,8.931972894702639e-06
18,4.370656948479727,0.35981454588986217,0.005624127438298519,0.03353961870177313,0.07128466563045954,-0.004205428226913277,8.997491515665713e-06
19,4.375047710088674,0.3561742892413602,0.005783728279187985,0.032537636758291466,0.0698991188233049,-0.0048238453067224185,8.814351308248165e-06
20,4.379647573741757,0.3525360546235588,0.00594654506993868,0.030261740673397597,0.06728850433297451,-0.00676502298617887,8.163218998252863e-06
21,4.384456701874061,0.34889955569933445,0.0061126225706008225,0.026063202431958032,0.06249052879319361,-0.010364123929277547,6.855961626364565e-06
22,4.389476407467939,0.3452657039561403,0.00628195568756511,0.02312701973222886,0.058603862756618774,-0.0123498232921615,5.995463991089236e-06
23,4.394709905289192,0.3416378751457539,0.006454578956877866,0.02235578435366392,0.05702883571489048,-0.012317267007562638,5.812485559743087e-06
24,4.400159631552066,0.33801827548243696,0.006630535075687151,0.020980975583493766,0.05515368491615247,-0.013191733749164047,5.499759363627824e-06
25,4.4058261207946225,0.3344060922706392,0.00680980424793936,0.017513337401132034,0.050855174831765826,-0.015828500029502646,4.612119442501262e-06
26,4.411711681814413,0.33080309701565636,0.006992422310310832,0.017235524200418073,0.049587805757994374,-0.015116757357159116,4.516778511936704e-06
27,4.4178198352560445,0.3272128492554748,0.007178438536249831,0.01739587436243628,0.049091170151623675,-0.014299421426750225,4.576113653309453e-06
28,4.424151911202754,0.3236351874487711,0.007367829100676504,0.015740911238003807,0.046783119050404665,-0.015301296574397494,4.1921658843354875e-06
29,4.430708772628687,0.3200688455418003,0.007560622883010759,0.013181936606250666,0.04343288115378696,-0.017069007941286518,3.6200514487738666e-06
30,4.437492335407436,0.3165141195530409,0.007756844874333822,0.01103948123805365,0.04051821351236029,-0.018439251036253435,3.192215985356589e-06
31,4.444504623064759,0.312971248550186,0.00795650558284084,0.008129611803503689,0.03687586453114111,-0.02061664092413462,2.717461760969892e-06
32,4.451747490978729,0.30943995303680605,0.008159613433656218,0.0051171522661768165,0.033089719693170316,-0.022855415160816683,2.3418641883446667e-06
33,4.459223288109145,0.3059207409590783,0.008366181918362723,0.002319538741370142,0.02954953626972756,-0.024910458786987277,2.1127775813000443e-06
34,4.46693436493187,0.3024139376419842,0.008576232497715592,-0.0007209515924029297,0.0257969126909523,-0.027238815875758604,2.0147183605086374e-06
35,4.474883320895868,0.2989202939165305,0.008789759968303354,-0.0029757689235916374,0.022674305332966327,-0.02862584318014827,2.00550653389538e-06
36,4.483074944897522,0.295445684090328,0.009006769197809423,-0.0001590909584883171,0.024626012175764878,-0.024944194092741512,1.8445180819413966e-06
37,4.491514278371703,0.2919968691547431,0.009227293784396642,0.004014962249632603,0.028188456913288196,-0.020158532414023655,1.946090422887687e-06
38,4.500203250353394,0.28857327688983914,0.009451293681253983,0.005451683342044156,0.029142914147516352,-0.01823954746342893,2.04915694426007e-06
39,4.50914156802526,0.28516823625876364,0.009678830880304298,0.0022978433103091334,0.025486248154885205,-0.020890561534266716,1.7858809975847487e-06
40,4.51832991494714,0.28177690920373316,0.009909868981610165,-0.0011708984678109324,0.02110744563953193,-0.02344924257515335,1.6530904351508655e-06
41,4.527775628233496,0.27841272022826113,0.010144387662134116,0.007972070832688916,0.02934918822153998,-0.013405046556162814,2.1899801739656766e-06
42,4.537486542666093,0.27509126718421284,0.010382476161208484,0.01818108358281334,0.03915173515825776,-0.0027895679926313033,4.9539072322447935e-06
43,4.5474630642558935,0.27180733328227086,0.010624029839315105,0.021589617156297702,0.04218486608860261,0.000994368223993014,6.454094534514558e-06
44,4.55770353856653,0.2685486802798671,0.010869093048066781,0.020140691146170342,0.04019866140978223,8.272088255867338e-05,5.866645472704024e-06
45,4.568208971067191,0.2653101662360088,0.011117673790787659,0.018728835301631053,0.03819656660037296,-0.0007388959971104114,5.304243563398415e-06
46,4.578982331343041,0.2620924982328293,0.011369750496831402,0.017752493801217017,0.03666564477522494,-0.001160657172790458,4.938869490594492e-06
47,4.590026657973807,0.2588965972441226,0.011625317260206627,0.016993282681690536,0.03537655115722549,-0.0013899857938446392,4.666633028421898e-06
48,4.601344880170386,0.2557229706678603,0.011884371008190541,0.01628992337722357,0.03416122190831983,-0.0015813751538722443,4.4188790035956085e-06
49,4.612939917304793,0.2525720577956425,0.01214689217821522,0.015733129670330248,0.03310703206691756,-0.001640772726257067,4.2289267136094555e-06
50,4.624814671142787,0.24944418640712523,0.012412876917208108,0.015127336531033153,0.03204109849061565,-0.001786425428549343,4.024189633201747e-06
51,4.636971651002763,0.24633805816059337,0.012682318843114057,0.013479594638723169,0.029921699494980913,-0.0029625102175345752,3.4472285461143954e-06
52,4.6494140186688355,0.24325493454509212,0.012955182878519454,0.013704588684365193,0.029657716303361115,-0.0022485389346305062,3.532228598812576e-06
53,4.662145899956135,0.24020009343018145,0.013231475002180018,0.015741595952017295,0.03126028971835959,0.0002229021856750002,4.340909040880213e-06
54,4.675170302475113,0.23717436937128142,0.013511167258922312,0.01631902706820476,0.0314734022186407,0.001164651917769266,4.6324704205373865e-06
55,4.688488036875038,0.2341689293159327,0.013794233031953283,0.01197802432064976,0.026797455606950793,-0.002841406965651494,2.9889102436953466e-06
56,4.702099095611864,0.23117046407103936,0.014080682638761681,0.003513724545768593,0.01791525131847571,-0.010887802226938526,1.147306947170746e-06
57,4.716007180722741,0.22818208375283738,0.014370464155165628,0.0015428011877132164,0.01544430470054392,-0.01235870232511771,9.599111102133915e-07
58,4.730220265895167,0.2252276428524832,0.014663554142348056,0.008982464905136656,0.02243785368484086,-0.004472923874567325,2.068057322001954e-06
59,4.7447450566593075,0.2223267560773763,0.014959966052367149,0.019384723820329297,0.03253228198437652,0.006237165656281851,6.4834540019346985e-06
60,4.759583510265193,0.21947659560849964,0.015259608613264692,0.024285604025745755,0.03717201960659344,0.011399188444897401,9.844641862900798e-06
61,4.774734739004725,0.21665890067030852,0.015562506472515402,0.022619100625201227,0.03519991184219262,0.01003828940820961,8.783208644412239e-06
62,4.790198704096504,0.2138582795308694,0.015868614186880077,0.01786228045610394,0.0301065712029438,0.005617989709264082,5.856078507017805e-06
63,4.805977460427357,0.2110699843116549,0.016177907196650847,0.01348754784713968,0.02538905191034435,0.0015860437839350094,3.7068311480169675e-06
64,4.822074718898584,0.20829861804998187,0.01649034140137211,0.011708866905433046,0.02327688041269127,0.00014085339817460074,2.9963589554124073e-06
65,4.83849468479047,0.20555218939757441,0.016805894298528357,0.012140058281637223,0.023415966874567262,0.0008641496887072941,3.189137815193952e-06
66,4.855240327979336,0.20283180839125992,0.017124532230918938,0.011004070498936924,0.02199064196459788,1.7499033275969467e-05,2.762606344199334e-06
67,4.872314467906386,0.20013812288516689,0.017446197722903036,0.011738436429715504,0.02242706733600175,0.0010498055234292591,3.0683180403677535e-06
68,4.889720737969721,0.1974772084025309,0.017770873904510043,0.013921063618200336,0.024348682947405775,0.0034934442889947848,4.088031272320003e-06
69,4.907461264696195,0.19484550980233328,0.018098523312814856,0.012574144264362763,0.022772318172171402,0.0023759703565536805,3.4889733758837993e-06
70,4.925536347896198,0.19222687028071306,0.01842908591592118,0.0059859116614712216,0.015918073499773366,-0.003946250176830812,1.2663316271670539e-06
71,4.943948438324624,0.1896195868041145,0.01876253255110593,0.003884476661733971,0.013543981049836784,-0.005775027726368953,8.666632796048204e-07
72,4.962702020970415,0.18703649587847837,0.019098827410422153,0.004267431193069382,0.013684154307954666,-0.005149291921815902,9.123355865534744e-07
73,4.981800425716757,0.1844831711185081,0.019437907559698573,0.005078425147561294,0.014262234606965407,-0.004105384311842708,1.04779109057708e-06
74,5.001246476227663,0.18196216954662714,0.019779735067320395,0.006686501986417626,0.015638794395238187,-0.0022657904224029357,1.4127442754431291e-06
75,5.021043184050629,0.17947803906722454,0.02012426372257563,0.009671828865572718,0.018401046437115487,0.0009426112940299491,2.3936608282200624e-06
76,5.041193390471284,0.17703463268466368,0.020471441547054464,0.013031137713839125,0.021546914248946836,0.004515361178731414,3.9711191541854475e-06
77,5.061699472966717,0.17463259837702513,0.020821215518625105,0.016123770801093396,0.024435951514722665,0.0078115900874643485,5.892544901114059e-06
78,5.082563227582803,0.17226780459313534,0.021173539377481922,0.01728329032928011,0.0254034914814687,0.009163089177091521,6.790170860691346e-06
79,5.103785540932201,0.16992778789486196,0.021528358846666703,0.014308787579780269,0.022238915128696912,0.006378660030863403,4.859030454382713e-06
80,5.1253669493818315,0.16759631832401062,0.021885617356235947,0.007887829207469665,0.015614799620031206,0.0001608587949083473,1.797244129312389e-06
81,5.147309760604191,0.16527339542505198,0.02224526398795691,0.0051578314456478536,0.012685773017134139,-0.0023701101258383206,1.0120080951242094e-06
82,5.169617842563042,0.1629744754538749,0.02260723900352143,0.006104559279347055,0.013446365238481972,-0.0012372466797879733,1.2486659840026189e-06
83,5.192294440745064,0.16071053205211935,0.022971481350641386,0.008424040283886103,0.015593063435472732,0.001255017132299474,2.023697589427964e-06
84,5.215341633801756,0.15848201002329032,0.023337938270036922,0.009496008025792424,0.016501210221402274,0.002490805830182574,2.4862322849768427e-06
85,5.238760632663318,0.15628076964270032,0.02370654136656714,0.008125932214172127,0.01496447682587998,0.0012873876024642739,1.9349122241008043e-06
86,5.262552966680202,0.15410214740711747,0.02407723742677207,0.007162219349487797,0.013834134001314169,0.0004903046976613146,1.5923609637082982e-06
87,5.286720996416192,0.15195097644814487,0.024449960983812608,0.007967312134097848,0.014477682273650538,0.0014569419945450468,1.8974726964306679e-06
88,5.311267222489742,0.1498347996639377,0.024824644157642316,0.010271873236668672,0.01662842863866898,0.003915317834668586,2.9536356318641317e-06
89,5.336193699155222,0.14775715562244077,0.025201231983924325,0.012531391691581018,0.01874150335970637,0.0063212800234557776,4.281460991865181e-06
90,5.3615019036712015,0.1457155377414841,0.025579648206946276,0.013700296034441783,0.01976217642020517,0.007638415648678287,5.114571601710888e-06
91,5.387193352413475,0.14370861558791032,0.025959826128894675,0.015343101349868937,0.021267401124177465,0.00941880157556052,6.414929215913918e-06
92,5.4132691155143196,0.14172954382659958,0.026341712788557632,0.013672446849569364,0.019460640151305775,0.007884253547833175,5.218386291952648e-06
93,5.439729524872942,0.13976193881457186,0.026725225436709996,0.008676466444438091,0.014324511897076175,0.003028420991799896,2.2960855149958356e-06
94,5.46657569551372,0.13780016099097683,0.027110293958666605,0.0049201802765382885,0.010431094940048902,-0.0005907343869724357,9.307388850837022e-07
95,5.49380999740678,0.13585662481510405,0.02749685961190863,0.0051346212305732886,0.010520578725012664,-0.00025133626386608654,9.90817656765664e-07
96,5.521434075829014,0.13393486176288924,0.027884846262478818,0.002931104405115903,0.008194257368057345,-0.002332048557825539,4.970464385180553e-07
97,5.549449072940969,0.13203271553182816,0.02827417265303184,0.0023696503469962105,0.007508969557221912,-0.0027696688632293798,4.076978326824867e-07
98,5.577856953280935,0.1301612967548271,0.02866477311377658,0.004599846975721522,0.009621692659004755,-0.00042199870756182145,8.474712525526557e-07
99,5.606659144045992,0.12832506437960942,0.02905658416040842,0.005786419691151956,0.010698362535707662,0.000874476846596195,1.2065760232558696e-06
100,5.635856088126603,0.12651430002194256,0.029449513610494693,0.004276014342531775,0.009071006165328577,-0.000518977480265026,7.641642500934137e-07
101,5.665449201850333,0.12473627672047082,0.029843487716560712,0.00825803958046395,0.012942498007682213,0.0035735811532456863,2.253479806647144e-06
102,5.695440184698617,0.12300430486714257,0.030238454037475625,0.0117904935216121,0.016374915456413175,0.00720607158681108,4.415460756632589e-06
103,5.725829190163267,0.12130693965245444,0.03063430633642476,0.011398612884497283,0.015878636137554247,0.006918589631440264,4.185215384197058e-06
104,5.756616150601086,0.1196292323897836,0.031030982842531696,0.00937006579414179,0.013744552382487563,0.004995579205795964,2.922400028996077e-06
105,5.787801716660565,0.11796975709948776,0.03142840687127461,0.008560236699385049,0.012836454118412666,0.004284019280357487,2.4945668596381076e-06
106,5.819386545582502,0.11632840132099417,0.03182649914005944,0.00662237759066997,0.010800590806460786,0.002444164374879154,1.5809826235375836e-06
107,5.851371243304538,0.11470577257375232,0.032225175960596,0.0061454814537735825,0.010228418764408553,0.0020625441431386116,1.3961149726736368e-06
108,5.883756750216809,0.11311080467801932,0.03262436277361772,0.007542445625422778,0.011534741979653984,0.0035501492711914606,2.029277648057174e-06
109,5.916543603466673,0.11154619507838873,0.03302398230633499,0.008087157321808869,0.011992259907698033,0.004182054735919705,2.3277082375331e-06
110,5.949731631575788,0.1100013892726181,0.03342394810390159,0.005762678252688169,0.00957871456881354,0.0019466419365627985,1.2721991929163794e-06
111,5.983320775655936,0.10846940100548516,0.03382418490234677,0.0039292620777867104,0.007659764977390238,0.00019875917818318323,6.791214580719683e-07
112,6.017311373420574,0.10695327600266621,0.03422461195984289,0.002821330945686318,0.006469007846365671,-0.0008263459549929797,4.2421716470310316e-07
113,6.05170375506753,0.10545792951183974,0.03462514917198591,0.0028266867515458483,0.006393145633711961,-0.0007397721306202643,4.2346676238852493e-07
114,6.086498339616258,0.10399277505661961,0.03502570886102218,0.005076483648643437,0.008563065415155113,0.0015899018821318167,1.0445636725185433e-06
115,6.121695483249585,0.10256848052381852,0.03542621736636746,0.008799795234372298,0.012213196320758735,0.005386394147985751,2.88086584719383e-06
116,6.157294736699107,0.10117797480507391,0.0358265921181323,0.008602290059777418,0.011939641976871251,0.0052649381426836395,2.784157328501269e-06
117,6.193295285235909,0.09980643876512688,0.036226744869877044,0.007270506169361701,0.010532310879020845,0.004008701459702613,2.043431731700315e-06
118,6.229696828171279,0.0984537107291289,0.03662660215078785,0.0071162748282740385,0.010305841956327,0.003926707700221133,1.979026157446164e-06
119,6.266499205600422,0.09712558495983536,0.03702607828494482,0.00784557436311506,0.010965586267224936,0.004725562459005184,2.3992107054723513e-06
120,6.303701991937143,0.09582310400208754,0.03742509046677516,0.00811110828141065,0.011162928509514614,0.0050592880533066875,2.578387128726524e-06
121,6.341304486162045,0.09454171832466897,0.037823557912513545,0.007377923215901805,0.010362564121963458,0.004393282309840096,2.17118990937176e-06
122,6.379305856518689,0.0932750075580229,0.03822139870152542,0.005587632137608323,0.008506281195815424,0.0026689830794011105,1.3018642980224564e-06
123,6.4177052492587485,0.09201794251915198,0.038618530633515814,0.0033001065928030537,0.006154661181112908,0.0004455520044931993,5.254771002503742e-07
124,6.456501886592067,0.0907701131778135,0.03901487150542467,0.0015096165882159118,0.004302227941579417,-0.0012829947651476492,1.9033411437891003e-07
125,6.495695075828449,0.08953635765088477,0.03941034029334272,0.0009477911012373275,0.0036801696877475365,-0.0017845874852728816,1.3348041400762962e-07
126,6.535284057395911,0.08832226782926039,0.03980485424838942,0.0011001188707289167,0.003773676472492715,-0.0015734387310348819,1.4301479235341889e-07
127,6.575267876400119,0.08713004188968819,0.040198332433289394,0.001338447534372289,0.003954499350642515,-0.0012776042818978817,1.63715112191103e-07
128,6.615645410961273,0.08595909153287382,0.04059069347251751,0.0013702644988174972,0.003930033251050069,-0.00118950425341513,1.6486979657837775e-07
129,6.656415442121402,0.08480820933874506,0.04098185596744795,0.0012893982287134897,0.003794105903274947,-0.0012153094458479674,1.5383501224223606e-07
130,6.697576699611732,0.08367713983211239,0.041371739526695046,0.0013153071230231905,0.0037662392843804127,-0.0011356250383340871,1.544154247370207e-07
131,6.739127842991406,0.08256595481845813,0.041760263347464084,0.0013349155446221728,0.003733307801852326,-0.0010634767126079803,1.544890868657952e-07
132,6.781067442015097,0.08147435432467023,0.042147347166119294,0.001340353538827499,0.003687402933119699,-0.001006695855464701,1.5311124868170538e-07
133,6.823393987856459,0.08040204541514699,0.04253291118436128,0.001342216462931367,0.0036391002343181267,-0.000954667308455226,1.5142156114305178e-07
134,6.8661058941847255,0.07934877432085527,0.042916875794334834,0.0013428155854140478,0.003590684241364439,-0.0009050530705363158,1.4967081017410827e-07
135,6.909201497020196,0.07831431260750686,0.0432991619063474,0.001348034743632348,0.0035480118305872,-0.0008519423433225037,1.4853766224442506e-07
136,6.952679055196105,0.07729846163383106,0.043679690834189246,0.001361423134154216,0.0035146067885285792,-0.0007917605202201472,1.4846171745809908e-07
137,6.996536749478343,0.07630099908855922,0.044058384364256103,0.0013717431584796547,0.003479203552419985,-0.0007357172354606478,1.4813056200754957e-07
138,7.04077268238947,0.07532164996107221,0.04443516474141742,0.0013734266296775988,0.003436207793980073,-0.0006893545346249585,1.4684293752290986e-07
139,7.085384879841609,0.07436013548495432,0.04480995473979155,0.0013708896563031647,0.003390011731967013,-0.0006482324193606559,1.4510761796395435e-07
140,7.1303712925808345,0.0734162174321116,0.045182677684212406,0.0013724875039926587,0.0033489473344958387,-0.0006039723265104935,1.439453738786127e-07
141,7.175729796479825,0.07248969087940355,0.0455532574679842,0.0013801480401492983,0.003314918929577859,-0.0005546228492792349,1.436106563888649e-07
142,7.221458191881943,0.07158032694412672,0.04592161858425132,0.0013840920355044917,0.003278122244201348,-0.0005099381731923647,1.4288485171173927e-07
143,7.2675542037991265,0.07068785174655969,0.04628768612366598,0.0013797201738441345,0.0032339350375526488,-0.0004744946898643798,1.4116195227366524e-07
144,7.31401548343138,0.06981199064114567,0.04665138583136735,0.0013712339675767404,0.0031865376970752757,-0.00044406976192176706,1.3896165566484354e-07
145,7.360839609556625,0.0689525091365632,0.047012644128104755,0.0013667831673307151,0.003144059231554669,-0.0004104928968932109,1.3732391607153448e-07
146,7.408024089059364,0.06810920989309896,0.047371388126454674,0.0013694581099552017,0.003109569047456684,-0.00037065282754616957,1.3665433745289682e-07
147,7.455566356618675,0.06728187951002082,0.047727545659072605,0.0013706824291402908,0.0030744684610430617,-0.0003331036027625356,1.3585165107783134e-07
148,7.503463775006843,0.06647026395306974,0.04808104527961986,0.0013659308688634408,0.003034211952121363,-0.0003023502143945367,1.343138100069176e-07
149,7.551713636501154,0.06567410612742419,0.04843181631028871,0.0013584215675507272,0.002991998857986594,-0.00027515572288516754,1.3245298163036836e-07
150,7.600313164235139,0.06489318257749546,0.04877978886036558,0.001355017523227947,0.002954673836022076,-0.0002446387895661539,1.3117076740225354e-07
151,7.649259512898784,0.06412730224769841,0.04912489384191156,0.0013584333593796571,0.002924932854342893,-0.0002080661355835789,1.308350542523976e-07
152,7.698549768795074,0.06337626136721951,0.049467062993231614,0.0013614305612949518,0.002895517799775038,-0.00017265667718521782,1.304925156258774e-07
153,7.74818095033409,0.06263982136194227,0.04980622888322977,0.0013598956349739622,0.0028622972789230094,-0.0001425060089751129,1.2958184709739018e-07
154,7.798150009355913,0.0619177392390087,0.05014232494941869,0.001356086646179283,0.0028275126826711183,-0.00011533939031255214,1.2839790639070394e-07
155,7.848453832432136,0.061209798509928526,0.050475285514367856,0.0013554691702695187,0.00279661325447772,-8.56749139387658e-05,1.2768205149949733e-07
156,7.899089241714122,0.06051580991022036,0.050805045800510734,0.0013604494126933375,0.0027719887927549203,-5.1089967368245226e-05,1.277731869509359e-07
157,7.950052995292642,0.05983557417350942,0.05113154194887655,0.0013648893608911583,0.002747483954593538,-1.770523281119374e-05,1.278345937564156e-07
158,8.001341787854374,0.05916886218265063,0.051454711025097,0.001365058504522343,0.002719352457736579,1.0764551308078962e-05,1.273378252343386e-07
159,8.052952251957686,0.05851543956260216,0.051774491049775356,0.00136249104073366,0.0026891137037520496,3.586837771529794e-05,1.2648634490237031e-07
160,8.104880959308623,0.05787509271283996,0.05209082101245321,0.001361525284678422,0.0026610915464963525,6.195902286054711e-05,1.2588833462372154e-07
161,8.157124421720457,0.057247630733176805,0.05240364088480959,0.001364247004488478,0.0026373572467661144,9.113676221092493e-05,1.2584418813037456e-07
162,8.209679091702055,0.05663285449796501,0.052712891635575396,0.0013653548059031073,0.002612594237144522,0.00011811537466169253,1.2560054324984563e-07
163,8.262541363260631,0.05603053995684773,0.053018515236236685,0.001361758690302195,0.002583698606076934,0.0001398187745274282,1.2470480284713462e-07
164,8.315707573182419,0.05544046056938058,0.05332045468572601,0.001355154938453118,0.002552353630666443,0.0001579562462397932,1.23394541577476e-07
165,8.369174002320655,0.05486241168282782,0.05361865402143411,0.0013500276363948849,0.0025230305960360078,0.0001770246767538175,1.2231594235964968e-07
166,8.422936876647832,0.05429621462236082,0.05391305832989927,0.0013493142299416394,0.002498654304060405,0.00019997415582287403,1.2189615396162408e-07
167,8.47699236797364,0.05374168736557874,0.054203613759133434,0.0013483320655194586,0.0024745285872014577,0.00022213554383743173,1.2145795233568515e-07
168,8.531336594808781,0.05319862553872415,0.05449026752290805,0.0013440977049239133,0.0024476577245930164,0.00024053768525481023,1.2056227136470514e-07
169,8.585965623642593,0.052666821829689944,0.054772967920331934,0.0013380046575945659,0.002419423790540165,0.0002565855246489668,1.1940939224385504e-07
170,8.640875470238136,0.052146088263468685,0.05505166434427621,0.0013340294082166415,0.0023937920121953338,0.00027426680423794925,1.1858128798416462e-07
171,8.69606210073901,0.051636260063853245,0.05532630728940561,0.001334759236310129,0.002373338599379493,0.0002961798732408205,1.1846088548701864e-07
172,8.751521432520851,0.05113717049553977,0.05559684836148874,0.0013362708646914578,0.002354128423470131,0.00031841330591281247,1.1847490982612182e-07
173,8.807249335147556,0.05064863394980578,0.05586324028082479,0.0013358474798179365,0.002333433989455236,0.0003382609701806927,1.1821861422364737e-07
174,8.863241631630894,0.05017046099613848,0.0561254368964415,0.0013343033423439676,0.0023120594077872814,0.00035654727690068166,1.1780922185670596e-07
175,8.919494099709052,0.04970247641769307,0.05638339319223243,0.0013345999953164045,0.002292956406279842,0.00037624358435295324,1.1768940342308866e-07
176,8.976002472994228,0.049244522672959604,0.05663706529276892,0.001338641121573697,0.0022780189364584175,0.0003992633066889767,1.181507864841358e-07
177,9.032762441940818,0.048796440197163116,0.056886410469238514,0.0013431597667893924,0.002263969804517693,0.00042234972906105006,1.1870535821273024e-07
178,9.089769654884236,0.04835805402452688,0.057131387141779996,0.0013458274959079891,0.0022484711757422005,0.00044318381607377777,1.1899554903930603e-07
179,9.147019719290036,0.047929185685255914,0.05737195488913671,0.001347149452983698,0.002232019269034047,0.0004622796369333493,1.1909326883127729e-07
180,9.204508203018698,0.04750966785859004,0.05760807445242563,0.0013494543361523559,0.0022169341719274205,0.00048197450037730516,1.1935629300087825e-07
181,9.26223063550232,0.047099348012746775,0.05783970773865247,0.001354411294821542,0.0022048764286790173,0.0005039461609641083,1.2004787143067745e-07
182,9.320182508785399,0.04669807226851466,0.05806681782386302,0.001359199497028396,0.002193016300025344,0.0005253826940314482,1.2073098457356872e-07
183,9.37835927861229,0.04630567403523189,0.05828936895365335,0.0013618537459477442,0.002179380203914824,0.0005443272879806504,1.210920135170325e-07
184,9.436756365673904,0.04592198466604814,0.058507326549361964,0.0013629645453104577,0.0021645508327223784,0.0005613782578985371,1.2121855334392673e-07
185,9.495369156866975,0.04554684686487259,0.05872065720932985,0.0013648784952215165,0.0021508670506319993,0.0005788899398110198,1.2148242951862546e-07
186,9.554193006487246,0.04518011902713347,0.05892932871003434,0.0013695976041918911,0.0021403234091440376,0.0005988717992397585,1.2220785910501882e-07
187,9.613223237303998,0.044821660275448455,0.0591333100069877,0.0013746416288288738,0.002130431563364149,0.0006188516942936262,1.2299999012942274e-07
188,9.67245514166325,0.04447131866856448,0.05933257123324786,0.0013781960263071907,0.0021193696050218758,0.0006370224475925057,1.2356227755986583e-07
189,9.731883982724067,0.04412894060253326,0.05952708370251723,0.001380827099182469,0.0021076967829586207,0.0006539574154062755,1.239828109306633e-07
190,9.791504995705886,0.0437943831899437,0.05971681990818317,0.001384757292177352,0.002097628706341323,0.0006718858780133813,1.2462589643749775e-07
191,9.851313389080573,0.043467518319845536,0.05990175352218364,0.0013918985047370047,0.002091070549747512,0.0006927264597265115,1.258133679296442e-07
192,9.911304345669224,0.043148219436122744,0.06008185939368424,0.0014001556044808544,0.0020859200457482296,0.0007143911632134375,1.2720491254678346e-07
193,9.971473023756722,0.04283635062690748,0.06025711354598278,0.0014078596108136332,0.002080501550118019,0.0007352176715092612,1.2852145806965185e-07
194,10.031814558304937,0.042531773916950406,0.060427493176567745,0.0014153108819436877,0.0020751091396442045,0.0007555126242431848,1.298113161116172e-07
195,10.092324062173683,0.0422343593570423,0.060592976654265114,0.00142418130272641,0.002071408522714785,0.0007769540827379934,1.313611344136534e-07
196,10.152996627299052,0.04194398815198894,0.06075354351609696,0.001435828725910443,0.002070751622071612,0.0008009058297492738,1.3341355584885762e-07
197,10.213827325804576,0.04166054239809594,0.060909174463834266,0.0014485243580204255,0.002071403209171388,0.000825645506869449,1.3567816073033767e-07
198,10.274811211122767,0.04138389677217738,0.06105985135939426,0.0014608538734339899,0.0020719431392066945,0.0008497646076612853,1.3790799345178339e-07
199,10.335943319179771,0.041113924058412875,0.06120555722230773,0.001472931600369723,0.0020724800060908377,0.0008733831946486081,1.4012075450350727e-07
200,10.397218669583237,0.040850502980065206,0.06134627622507267,0.0014859806927854657,0.0020742315301751357,0.0008977298553957958,1.425371506861508e-07
201,10.458632266779738,0.04059352092118686,0.06148199368829006,0.0015010528268446094,0.0020782440235415645,0.0009238616301476682,1.4535631241895013e-07
202,10.520179101162208,0.040342865919027054,0.0616126960753118,0.0015166732933750704,0.002083037122639117,0.0009503094641110377,1.4831534759141344e-07
203,10.581854150181186,0.04009842009535357,0.061738370986148455,0.0015316632075500214,0.0020874267290737075,0.0009758996860262936,1.5119417613444316e-07
204,10.643652379498286,0.039860064421123304,0.061859007152838826,0.001546165005986852,0.0020915501880309634,0.0010007798239427268,1.5401498219244716e-07
205,10.705568744139555,0.03962768552436189,0.06197459443319705,0.0015613370983513786,0.0020965610315677036,0.0010261131651350397,1.5699786981282268e-07
206,10.767598189624682,0.039401178548161185,0.06208512380428435,0.0015783265152026493,0.002103601541380687,0.0010530514890246256,1.6037120622026682e-07
207,10.829735653052882,0.039180439993629336,0.06219058735557921,0.0015958380249742748,0.0021113715061230054,0.0010803045438255443,1.6389026977008042e-07
208,10.891976064187343,0.038965361362401335,0.06229097828141883,0.0016128193363970783,0.0021188138581509225,0.001106824814643248,1.6734656302096046e-07
209,10.95431434657192,0.03875583347183017,0.06238629087468973,0.001629468856006594,0.0021261225591063665,0.0011328151529068492,1.7077563287706551e-07
210,11.016745418645634,0.03855175281549711,0.06247652051907858,0.0016469641709725147,0.0021344708320361755,0.00115945750990884,1.7441644551179318e-07
211,11.079264194835158,0.038353024326408,0.06256166368118989,0.0016664986705648838,0.0021450478432359504,0.0011879494978938032,1.7852310165255269e-07
212,11.141865586609551,0.038159554820713606,0.06264171790237508,0.001686960245061847,0.0021567370591088625,0.0012171834310148177,1.8287612392376095e-07
213,11.204544503530222,0.03797124685760982,0.06271668179000119,0.0017073752080116883,0.002168560512482029,0.0012461899035413754,1.872737300081976e-07
214,11.26729585432357,0.03778800222518858,0.0627865550096059,0.001727862584219697,0.0021806332810788143,0.001275091887360566,1.9174027384549633e-07
215,11.330114547949401,0.037609727351514785,0.06285133827599258,0.0017493870814879187,0.002193916151234751,0.0013048580117410585,1.964873532776001e-07
216,11.392995494649231,0.03743633545126895,0.06291103334417687,0.0017728610776802517,0.002209317789890322,0.0013364043654701813,2.0172640228566662e-07
217,11.45593360696483,0.03726774122896104,0.06296564300003477,0.0017973604695831896,0.0022259101209128607,0.0013688108182535186,2.0726545058239245e-07
218,11.518923800750143,0.03710385600923468,0.06301517105066398,0.0018220402326579038,0.0022428443741210474,0.0014012360911947602,2.129191878239679e-07
219,11.581960996194624,0.03694459030814019,0.0630596223152192,0.0018469035906501646,0.002260120162682233,0.0014336870186180961,2.1868880598434013e-07
220,11.645040118840031,0.036789857958999875,0.0630990026150936,0.001872617313196226,0.00227840086273777,0.0014668337636547096,2.2473229494461155e-07
221,11.708156100579831,0.03663957771907132,0.0631333187638481,0.0018997932360905467,0.0022982949608729986,0.0015012915113081088,2.312036126930598e-07
222,11.771303880635177,0.03649366930836857,0.06316257855699972,0.0019276527545225852,0.0023190202452308822,0.0015362852638142743,2.3792720009543319e-07
223,11.834478406522631,0.036352049865574554,0.0631867907615153,0.001955497408356835,0.0023398751280437266,0.0015711196886699294,2.4473626954689304e-07
224,11.897674635025101,0.03621463600578187,0.06320596510570141,0.0019833081193075877,0.002360837136203421,0.0016057791024117751,2.5162424169002433e-07
225,11.960887533154338,0.03608134710933721,0.06322011226857666,0.002011621895076733,0.0023824403420248594,0.001640803448128593,2.5872565983793244e-07
226,12.024112079098016,0.035952106783644355,0.06322924386907149,0.0020409871879041586,0.0024052301654776675,0.0016767442103306426,2.661858230496296e-07
227,12.087343263146192,0.03582683960775404,0.06323337245506701,0.002070724551105879,0.002428524126337088,0.0017129249758746773,2.7383677836078096e-07
228,12.15057608860802,0.03570546809550452,0.06323251149226113,0.0021002315590724074,0.00245171669128616,0.001748746426858662,2.8152082845467456e-07
229,12.213805572727543,0.03558791453361926,0.06322667535332326,0.002129525003172615,0.0024748219851274816,0.0017842280212177278,2.8923801830802006e-07
230,12.277026747589954,0.035474103935415835,0.0632158793066415,0.0021591419604013937,0.0024983742644782217,0.0018199096563245726,2.9713065947594556e-07
231,12.340234661013028,0.03536396544691989,0.06320013950496119,0.0021896609083516608,0.0025229493683799342,0.0018563724483233943,3.05360445873754e-07
232,12.403424377419455,0.035257429385318666,0.06317947297389666,0.002220485309860201,0.002547948077823943,0.0018930225418964663,3.137681513093719e-07
233,12.466590978698477,0.035154424357072056,0.06315389760030732,0.0022510733164508023,0.002572825730850825,0.0019293209020507934,3.222010355525036e-07
234,12.52972956506396,0.03505487889037148,0.06312343212092622,0.002281463482201089,0.00259761859045593,0.0019653083739462687,3.306653852378678e-07
235,12.592835255902223,0.03495872413197848,0.06308809611069019,0.002312183650940214,0.0026228518539780574,0.0020015154479023772,3.393107962494038e-07
236,12.65590319060528,0.03486589509864518,0.06304790997091916,0.0023437882272721103,0.0026490777432926008,0.002038498711251613,3.4830253482691586e-07
237,12.718928529386535,0.0347763280341464,0.06300289491752928,0.002375767217988753,0.002675783807314848,0.0020757506286626856,3.574956376506328e-07
238,12.781906454085137,0.03468995776589655,0.06295307296905618,0.002407619280382009,0.00270246616912994,0.002112772391634078,3.6673997767196027e-07
239,12.844832168964341,0.034606718938510986,0.06289846693494038,0.002439326767569888,0.002729105139505507,0.0021495483956342626,3.7602625588813917e-07
240,12.90770090149894,0.034526548177568867,0.06283910040354668,0.0024712701083246455,0.002756078905822419,0.002186461310826858,3.8546852915775526e-07
241,12.970507903148608,0.03444938495012019,0.06277499773016679,0.0025037980316286457,0.002783734096858212,0.0022238619663990863,3.9517651931860334e-07
242,13.033248450115686,0.034375169555061265,0.06270618402493325,0.002536479018969258,0.002811636992794575,0.0022613210451439478,4.050169298368448e-07
243,13.095917844091414,0.03430384126384414,0.06263268514073812,0.0025688968160109266,0.002839369350589094,0.0022984242814327593,4.1485485429156157e-07
244,13.158511412993686,0.03423533926547749,0.06255452766127274,0.0026010075520982653,0.0028668851833950904,0.0023351299208014403,4.24670422872514e-07
245,13.221024511693306,0.03416960430403504,0.06247173888892787,0.0026330824299758554,0.002894453799799024,0.00237171106015268,4.345468403964772e-07
246,13.283452522726865,0.034106579369618015,0.06238434683268364,0.002665380570191875,0.0029223325191279972,0.0024084286212557524,4.445671805968678e-07
247,13.345790856995198,0.034046208143549826,0.06229238019595255,0.002697526052836581,0.002950143385503083,0.002444908720170079,4.546047228518731e-07
248,13.408034954450056,0.03398843356175385,0.062195868364429446,0.0027291687974355314,0.0029775345527654276,0.002480803042105635,4.6453622477297375e-07
249,13.470180284771057,0.03393319864697276,0.062094841394077935,0.0027602851623871882,0.003004480532609176,0.0025160897921652006,4.7434567912149915e-07
250,13.532222348030894,0.03388044791629593,0.06198932999902136,0.0027911351613477894,0.0030312396140247874,0.0025510307086707915,4.841151077119076e-07
251,13.594156675347552,0.03383012802729357,0.06187936553941234,0.0028219879234301706,0.003058079422624628,0.0025858964242357133,4.93933197605816e-07
252,13.655978829522791,0.03378218641607567,0.061764980009354015,0.0028525201819002977,0.003084674666221192,0.0026203656975794035,5.036833209998806e-07
253,13.717684405668724,0.03373656992418692,0.06164620602477331,0.002882400766437747,0.0031106929123246585,0.002654108620550842,5.13242060545318e-07
254,13.779269031824,0.03369322539866354,0.061523076811466404,0.002911567131083509,0.003136069621443291,0.00268706464072372,5.225784672957541e-07
255,13.840728369558272,0.033652100794327594,0.06139562619308453,0.002940180124948566,0.003160964420600723,0.002719395829296402,5.317418538242998e-07
256,13.902058114563992,0.033613145564203833,0.06126388857912197,0.002968360726212753,0.0031854966570931675,0.0027512247953323313,5.407690789020702e-07
257,13.96325399723534,0.033576309653886804,0.061127898952917266,0.002995823925623385,0.003209379824580978,0.002782268026665778,5.495497775124409e-07
258,14.02431178323545,0.03354154269351628,0.060987692859778175,0.003022325227011527,0.0032323679687117357,0.002812282485311318,5.579859015560351e-07
259,14.085227274052677,0.033508794633913354,0.06084330639504217,0.003047867464459432,0.0032544624133619623,0.0028412725155569016,5.660692836176325e-07
260,14.145996307545083,0.03347801675900315,0.0606947761923352,0.003072675726485126,0.0032758870996711167,0.002869464353299128,5.738752435741688e-07
261,14.206614758472785,0.033449162188733866,0.060542139411707614,0.0030969977371681848,0.003296888173029054,0.0028971073013073154,5.81489916610346e-07
262,14.26707853901771,0.03342218484026349,0.06038543372788746,0.0031205853535406503,0.003317216381332068,0.0029239543257492326,5.888147936353375e-07
263,14.327383599291748,0.03339703835093783,0.06022469731853456,0.0031431842008310742,0.0033366158101582333,0.0029497525915039152,5.957474545632015e-07
264,14.387525927834009,0.0333736765686975,0.06005996885265907,0.0031647746532891124,0.003355065722434422,0.002974483584143789,6.022734899747365e-07
265,14.447501552096568,0.033352054453685706,0.059891287478994935,0.0031855338555173834,0.0033727419750267107,0.00299832573600807,6.08454050268835e-07
266,14.507306538918321,0.03333212838238983,0.05971869281449193,0.0032055974282790625,0.0033897790695430544,0.0030214157870150707,6.143358971418003e-07
267,14.566936994986946,0.03331385533004084,0.05954222493275521,0.0032247566678370726,0.0034059669876252766,0.0030435463480488617,6.198346385634169e-07
268,14.626389067289521,0.033297192159811514,0.059361924352673845,0.003242803783492662,0.0034210969696525095,0.0030645105973328077,6.248657299315533e-07
269,14.685658943552117,0.03328209598197873,0.05917783202702633,0.003259703209776532,0.0034351319907893543,0.003084274428763703,6.29410890482625e-07
270,14.744742852668118,0.03326852479479417,0.05898998933122268,0.0032755650166683484,0.0034481813825045504,0.003102948650832167,6.335087334274729e-07
271,14.803637065115112,0.033256437691469964,0.05879843805206579,0.00329046347896296,0.003460318159282584,0.0031206087986433498,6.371849600337552e-07
272,14.862337893360394,0.03324579427038382,0.05860322037652906,0.003304220148243775,0.003471362892555764,0.003137077403931772,6.40368114638315e-07
273,14.920841692255403,0.03323655417235609,0.05840437888067915,0.003316677889896022,0.0034811572748918163,0.0031521985049002277,6.429954195222385e-07
274,14.97914485941929,0.03322867743377198,0.058201956518667504,0.003327835969870234,0.003489699793461906,0.0031659721462785548,6.450654110524661e-07
275,15.037243835611463,0.033222125052895776,0.05799599661172422,0.00333783006769265,0.0034971248810959366,0.0031785352542893566,6.46630298669988e-07
276,15.095135105093128,0.03321685920873124,0.05778654283732742,0.003346781069128363,0.003503552728599736,0.0031900094096569895,6.477372162319389e-07
277,15.152815195977897,0.03321284270229799,0.057573639218305876,0.003354542844187035,0.0035088360681681738,0.003200249620205896,6.483306000587091e-07
278,15.210280680571643,0.033210038416702684,0.0573573301121237,0.0033609566650278713,0.0035128154529070824,0.0032090978771486534,6.483510122450138e-07
279,15.267528175701736,0.03320840952552089,0.057137660200195256,0.0033659844502494027,0.0035154516227654115,0.003216517277733387,6.477866882092367e-07
280,15.324554343035636,0.03320791990149187,0.05691467447730324,0.0033696858584053996,0.003516803579384921,0.003222568137425892,6.466643791992415e-07
281,15.381355889388885,0.033208534194723444,0.056688418241054576,0.0033720695451216476,0.003516879155260909,0.0032272599349823655,6.449919202954647e-07
282,15.4379295670226,0.033210217495114505,0.05645893708141046,0.0033730178913916817,0.003515559582375115,0.0032304762004082208,6.427298048029023e-07
283,15.494272173930575,0.033212935145241304,0.05622627687031991,0.0033724393698156413,0.0035127530062642465,0.003232125733367029,6.398499671548421e-07
284,15.550380554116042,0.03321665297391556,0.055990483751405716,0.0033703443601380695,0.0035084684399219745,0.0032322202803541644,6.363643517879391e-07
285,15.606251597858112,0.03322133763275445,0.05575160412974468,0.003366831062462987,0.003502803806273179,0.003230858318652781,6.323187638838759e-07
286,15.661882241968062,0.03322695671259535,0.05550968466172023,0.003361982224253636,0.0034958407569177716,0.0032281236915895073,6.2775331624775e-07
287,15.717269470035534,0.03323347839079504,0.05526477224491389,0.0033557055193543794,0.0034874864271938685,0.0032239246115148903,6.226432240458535e-07
288,15.772410312664686,0.03324087112989091,0.055016914008115404,0.003347916842072477,0.003477655910700799,0.003218177773444155,6.169683621456041e-07
289,15.82730184770036,0.033249103875462455,0.05476615730138293,0.0033386375433238635,0.003466369574587874,0.0032109055120598633,6.107488529537939e-07
290,15.881941200444322,0.033258146381787035,0.054512549686229234,0.0033279746526335766,0.0034537343984330504,0.0032022149068340992,6.040365075386794e-07
291,15.93632554386171,0.03326796928063516,0.054256138925790384,0.0033159969882486755,0.0034398178191127927,0.0031921761573845513,5.968688848090627e-07
292,15.99045209877779,0.03327854377200058,0.05399697297513423,0.0033026389559239026,0.003424553975580169,0.0031807239362676328,5.892354068073146e-07
293,16.044318134065065,0.03328984140724865,0.05373509997164377,0.0032878456245945785,0.003407887223581745,0.0031678040256074083,5.811307148406636e-07
294,16.097920966820713,0.03330183425251626,0.053470568225431496,0.003271649991777554,0.003389849909493557,0.0031534500740615437,5.725815989434074e-07
295,16.151257962534476,0.03331449514339026,0.05320342620989698,0.0032541545901257213,0.0033705438521228065,0.0031377653281286395,5.636390968229608e-07
296,16.204326535247155,0.03332779771440547,0.05293372255226769,0.00323541833970261,0.003350027473632524,0.0031208092057727066,5.543383652941562e-07
297,16.25712414769977,0.0333417161476989,0.05266150602427972,0.003215398283632799,0.003328257209008461,0.0031025393582571406,5.44679633274183e-07
298,16.309648311473413,0.0333562250960544,0.052386825532900354,0.0031941110587129264,0.00330524907239196,0.003082973045033882,5.346841794503808e-07
299,16.36189658711974,0.033371299995697,0.05210973011115288,0.0031717128256751465,0.003281158641256072,0.0030622670100942245,5.244195592511522e-07
300,16.413866584282285,0.03338691744970852,0.051830268908942094,0.003148470906438338,0.003256252913287176,0.003040688899589486,5.139873718568439e-07
301,16.465555961808718,0.03340305530553702,0.05154849118402782,0.003124607407453125,0.003230753026379457,0.003018461788526782,5.03470354556604e-07
302,16.516962427854313,0.033419692163226454,0.0512644462930419,0.0031000934825267668,0.0032046300522058993,0.002995556912847624,4.928677792551545e-07
303,16.568083739976387,0.033436806979644136,0.05097818368249841,0.003074906606825783,0.0031778607491855272,0.0029719524644660385,4.821814236501767e-07
304,16.618917705219715,0.03345437930161161,0.05068975288003906,0.0030491730550099606,0.0031505707588961977,0.0029477753511237235,4.7145948537928526e-07
305,16.669462180193015,0.03347238966479492,0.05039920348554816,0.0030231400459579116,0.0031230071038309062,0.002923272988084917,4.607848084872306e-07
306,16.719715071136815,0.0334908196421274,0.050106585162475945,0.0029969809350959484,0.0030953425024777513,0.0028986193677141593,4.502136666777781e-07
307,16.769674333982735,0.0335096514392009,0.04981194762915483,0.00297068950451981,0.0030675701611160844,0.002873808847923553,4.397460878503704e-07
308,16.819337974404277,0.033528867395331834,0.04951534065021498,0.0029441119089449845,0.003039536010889854,0.0028486878070001186,4.2933911035366517e-07
309,16.868704047858955,0.033548449603006174,0.04921681402802326,0.0029169810383232533,0.00301097250537977,0.0028229895712667367,4.189198966389601e-07
310,16.917770659621908,0.03356837967431081,0.04891641759423869,0.0028889727605490613,0.0029815546602938725,0.00279639086080425,4.0840418537534176e-07
311,16.966535964810962,0.03358863880387728,0.04861420120136709,0.002859848661132397,0.002951044152712832,0.0027686531695519483,3.9773740654740714e-07
312,17.014998168403068,0.033609208333714946,0.048310214714432004,0.0028296656521851968,0.0029194971415224882,0.002739834162847909,3.869502109494313e-07
313,17.063155525242664,0.03363006972003528,0.0480045080026372,0.002798156824001547,0.002886646360484229,0.002709667287518862,3.7598531172281774e-07
314,17.11100634004231,0.03365120319469868,0.04769713093114843,0.0027644195457720566,0.002851589185839349,0.0026772499057047747,3.646230199231633e-07
315,17.15854896737526,0.0336725863320771,0.04738813335294116,0.0027271198405681846,0.0028129904489414305,0.002641249232194942,3.525506782577451e-07
316,17.20578181165917,0.0336941941913638,0.047077565100602146,0.002685389630428074,0.0027699823659070658,0.0026007968949490826,3.396035621245855e-07
317,17.252703327130682,0.033716001612241475,0.046765475978309094,0.0026395088112734846,0.002722844032132205,0.0025561735904147606,3.25923645820138e-07
318,17.29931201781214,0.03373798500802616,0.04645191575379384,0.0025899154139664322,0.002672013449561722,0.0025078173783711286,3.1168810655563436e-07
319,17.34560643747126,0.033760121998087256,0.046136934150342104,0.00253664143051242,0.0026175221071425628,0.0024557607538822947,2.969710023764498e-07
320,17.391585189573206,0.033782390361590656,0.04582058083893216,0.002479356491005013,0.0025590394157956955,0.00239967356621432,2.8176564627578074e-07
321,17.43724692722435,0.03380476791094864,0.04550290543032814,0.0024179924596139657,0.0024964970951843676,0.0023394878240435672,2.661347477731669e-07
322,17.482590353107618,0.03382723360678077,0.045183957467284895,0.0023530683573215368,0.0024304129587943944,0.002275723755848679,2.50270540620631e-07
323,17.527614219409337,0.03384976986157836,0.044863786416733796,0.0022863291931014412,0.002362532891338722,0.0022101254948641604,2.3460336503093894e-07
324,17.57231732773784,0.03387236590491512,0.04454244166214085,0.0022210201165817345,0.0022961012557982594,0.002145938977365199,2.1980846058903855e-07
325,17.616698529034657,0.03389502033694575,0.044219972495759895,0.0021610915165515103,0.0022350681302276965,0.002087114902875307,2.0660193425416686e-07
326,17.660756723480297,0.03391773928521939,0.04389642811103153,0.002108571101356139,0.002181461735706214,0.0020356804670060534,1.9524442507849516e-07
327,17.70449086039403,0.033940531494146636,0.04357185759502946,0.0020636690858475623,0.002135490823525491,0.001991847348169637,1.8563570107835066e-07
328,17.74789993812378,0.03396340811323981,0.043246309920860766,0.0020283453221123376,0.0020991157327079624,0.0019575749115166956,1.7799550759401747e-07
329,17.79098300392493,0.03398638909919882,0.042919833940243034,0.0020081776690446113,0.0020779136831892454,0.0019384416548999701,1.7315571743164878e-07
330,17.833739153831495,0.03400950958640753,0.042592478376018414,0.0020107055962077167,0.0020794247515829693,0.0019419864408324779,1.722657516560379e-07
331,17.876167532525162,0.03403281599147899,0.04226429181469665,0.0020386981565212042,0.0021064176678918384,0.0019709786451505666,1.7572726781445848e-07
332,17.91826733320078,0.03405635524857982,0.041935322699190807,0.0020909527174692785,0.0021576885602362927,0.0020242168747022678,1.8340697805722935e-07
333,17.960037797421435,0.034080170268860135,0.0416056193214206,0.0021664224796237065,0.0022321917767086953,0.0021006531825387316,1.9533123599335243e-07
334,18.001478214962017,0.03410430299234517,0.04127522981507299,0.002266469821498581,0.0023312883221152762,0.0022016513208818825,2.12083932661896e-07
335,18.042587923644476,0.034128798968422455,0.04094420214830368,0.002394063678487341,0.0024579477215831043,0.002330179635391564,2.3472906919009529e-07
336,18.0833663091695,0.03415370548835693,0.04061258411656453,0.0025490547333689127,0.0026120208250582193,0.002486088641679613,2.6394124955756685e-07
337,18.123812804943334,0.03417906602190013,0.04028042333540346,0.002729549477611691,0.002791613956303767,0.002667484998919629,3.0015861141964294e-07
338,18.16392689189675,0.034204916601448754,0.03994776723344973,0.002932044026418508,0.002993222773300167,0.0028708652795368314,3.4347608732931487e-07
339,18.203708098296946,0.03423128262976671,0.03961466304521094,0.003151506735040485,0.0032118160623592004,0.00309119740772177,3.935006524621977e-07
340,18.243155999551572,0.034258177417659394,0.03928115780402358,0.003382739793988246,0.0034421952142520765,0.003323284373724412,4.4953776629561014e-07
341,18.282270218002125,0.03428560609704009,0.03894729833510655,0.0036239596532885825,0.0036825769035064224,0.003565342403070739,5.115427312142653e-07
342,18.32105042270919,0.034313570843398505,0.03861313124854736,0.0038745898506178135,0.0039323852994191805,0.0038167944018164535,5.797205607985141e-07
343,18.35949632923434,0.03434207054054506,0.03827870293235334,0.0041324100254150585,0.004189399788212443,0.004075420262617681,6.53719678187335e-07
344,18.397607699418657,0.034371095852848164,0.03794405954563821,0.0043919682292464755,0.004448168666857384,0.00433576779163556,7.319575188917721e-07
345,18.435384341154126,0.03440062517630956,0.03760924701157847,0.004646790923452441,0.004702217233828791,0.004591364613076087,8.121224177758149e-07
346,18.472826108140108,0.03443063109904327,0.03727431101077834,0.0048973307835676536,0.004951999263076441,0.004842662304058869,8.940185727423972e-07
347,18.509932899633693,0.034461085491173674,0.03693929697438658,0.005141876441762484,0.005195803907851956,0.0050879489756730165,9.76669941452055e-07
348,18.546704660200916,0.034491954718310056,0.036604250077327594,0.005376006106698927,0.005429209352785569,0.005322802860612281,1.0579501352428758e-06
349,18.58314137946227,0.03452319419398363,0.036269215231669226,0.005592201526473044,0.0056446969102915065,0.005539706142654574,1.1342702533364039e-06
350,18.619243091829425,0.034554745768368283,0.035934237079827,0.005782862021481792,0.005834665138212149,0.005731058904751427,1.2017266874252825e-06
351,18.655009876224522,0.03458654725398448,0.0355993599880375,0.005949792034226721,0.006000921336622125,0.005898662731831327,1.2602492638281806e-06
352,18.69044185580305,0.034618530029641624,0.03526462803975574,0.006082498038005094,0.00613297164214557,0.006032024433864615,1.3047077159233175e-06
353,18.725539197686636,0.03465059839086253,0.03493008502898592,0.006160436757245737,0.0062102720906860275,0.006110601423805449,1.3256599116541547e-06
354,18.760302112685018,0.03468261422138282,0.03459577445381927,0.006155265989580945,0.006204476765756962,0.006106055213404932,1.3107683916609352e-06
355,18.79473085499974,0.03471439390284019,0.034261739510083454,0.006040998327366324,0.006089594129729786,0.0059924025250028545,1.2503632700921412e-06
356,18.828825721887007,0.03474574049368605,0.03392802308464367,0.0058225495480471665,0.005870544790692524,0.005774554305401813,1.1502567143229958e-06
357,18.86258705331395,0.03477647484535243,0.033594667749140425,0.00550757020815363,0.005554981732414192,0.005460158683893084,1.0190633015154084e-06
358,18.896015231641044,0.034806431848173815,0.03326171575365739,0.005097307842577739,0.0051441542189672625,0.005050461466188219,8.642484327846318e-07
359,18.929110681307368,0.0348354466461325,0.03292920902035715,0.0045841214012379075,0.004630420914287663,0.0045378218881881385,6.920034936015053e-07
360,18.961873868504355,0.034863345843918245,0.032597189137411435,0.003958912693578204,0.00400468316572292,0.003913142221433505,5.109181731104219e-07
361,18.99430530081723,0.03488996862807128,0.032265697351759375,0.003238191448756235,0.0032834554910729265,0.0031929274064395503,3.3835639073450965e-07
362,19.026405526837912,0.03491522083113585,0.03193477456468179,0.0024773202330565305,0.0025221078743968006,0.0024325325917162674,1.9600875415915376e-07
363,19.058175135790552,0.03493911755110224,0.031604461324420345,0.0017471224609512982,0.0017914696542446103,0.0017027752676580035,9.6491342300516e-08
364,19.089614757182616,0.03496179291724999,0.03127479782023684,0.0011206933826197855,0.0011646361817508333,0.0010767505834887517,3.9299826948675086e-08
365,19.120725060470853,0.03498347939246915,0.030945823876639578,0.0006501405403258539,0.0006937134048588742,0.0006065676757928372,1.3099849600045804e-08
366,19.1515067547537,0.03500442839051356,0.030617578947538884,0.0003155684006764248,0.0003588020593929403,0.00027233474195992313,3.068079360972835e-09
367,19.18196058842566,0.035024863995239165,0.03029010210967699,0.00011290117193588772,0.00015582692364491182,6.997542022686709e-05,4.0470246019792623e-10
368,19.21208734877379,0.03504500900477156,0.029963432057056278,5.415419056632037e-05,9.680663405976439e-05,1.1501747072886759e-05,1.0604318291708313e-10
369,19.24188786157267,0.03506510639725985,0.029637607095098037,0.0001631863837033322,0.00020560196128432268,0.00012077080612234864,8.070169131773885e-10
370,19.27136299068562,0.03508542147437793,0.029312665135350024,0.0004563336348397812,0.000498553674093398,0.000414113595586154,6.12149762927404e-09
371,19.300513637699257,0.035106186177663624,0.02898864368827851,0.0008853168342872683,0.0009273895012527726,0.000843244167321764,2.2737994454113444e-08
372,19.32934074156193,0.0351275385667007,0.028665579859449123,0.001383999864018333,0.001425979308338321,0.001342020419698331,5.4924485011876555e-08
373,19.357845278188126,0.03514951499897816,0.028343510342914584,0.0018877787137961469,0.0019297245976872338,0.0018458328299050565,1.0102463100690179e-07
374,19.386028260044483,0.035172063457355116,0.028022471415663816,0.0023422303347030854,0.002384204615191031,0.00230025605421514,1.5374893853285664e-07
375,19.413890735713814,0.03519507515414512,0.027702498932379416,0.0027208000408790595,0.0027628685595132083,0.002678731522244897,2.05091095529191e-07
376,19.441433789420216,0.03521844936548145,0.02738362831999842,0.003056560415497494,0.0030987997974802964,0.003014321033514695,2.5584951932842104e-07
377,19.468658540573614,0.03524212126071329,0.02706589457222114,0.0033625333632562766,0.003405031902152373,0.0033200348243601734,3.060403671047844e-07
378,19.49556614335109,0.03526603835932057,0.02674933224402985,0.0036401730427669636,0.0036830302565876716,0.003597315828946259,3.5446802800513224e-07
379,19.52215778626481,0.035290149284241845,0.026433975446965508,0.003886812887482865,0.003930140950065584,0.0038434848249001355,3.993629201945445e-07
380,19.548434691714395,0.03531440486566666,0.026119857843556662,0.00410554331193097,0.004149470480403004,0.004061616143458936,4.4027969548895186e-07
381,19.57439811551145,0.03533878334397625,0.025807012642520458,0.004331829295558035,0.0043765079003037916,0.004287150690812286,4.84279184426619e-07
382,19.600049346403217,0.03536330943953778,0.025495472593457674,0.004599623819863841,0.004645236194165334,0.004554011445562344,5.394136485083518e-07
383,19.62538970561578,0.03538804620514645,0.025185269982238436,0.004935352904636762,0.004982115901323379,0.004888589907950151,6.134738177124581e-07
384,19.650420546394983,0.035413084294006344,0.024876436625865875,0.0053592436571676325,0.005407418168536276,0.005311069145798989,7.1450763416425e-07
385,19.6751432535412,0.035438532625385474,0.024569003868040683,0.005885194749939624,0.005935101991351086,0.005835287508528176,8.509805554311929e-07
386,19.699559242936147,0.03546451268729936,0.024263002574855495,0.00652587658167025,0.006577899387048856,0.006473853776291644,1.0333119598522138e-06
387,19.723669961004582,0.03549120550032163,0.02395846312756128,0.007373589549055239,0.007428236457043439,0.007318942641067028,1.30264124464419e-06
388,19.747476884174425,0.0355188875314907,0.023655415423669664,0.008505067280939575,0.008563008965794233,0.008447125596084924,1.7111686108681625e-06
389,19.77098151842599,0.035547874796465644,0.02335388886398438,0.009926852186358383,0.0099890043892997,0.009864699983417064,2.301378196786463e-06
390,19.7941853989786,0.03557836884799977,0.02305391235664263,0.011455858596130512,0.011523504753264944,0.011388212438996098,3.0255544565038964e-06
391,19.817090090310817,0.03561010816593564,0.022755514309312084,0.012483238947157492,0.012557905096336884,0.012408572797978103,3.5460626317449353e-06
392,19.839697185968586,0.03564222408458423,0.02245872263108613,0.012531632509783806,0.012615283003683291,0.012447982015884311,3.5270109120014205e-06
393,19.86200830756259,0.035673604967054656,0.02216356470297779,0.01157896802336534,0.011674795857603604,0.011483140189127067,2.9715923818921775e-06
394,19.884025103345913,0.03570348166688227,0.02187006742617446,0.010173759980566334,0.010286213890118343,0.01006130607101434,2.263762093884307e-06
395,19.905749247023024,0.03573191389176015,0.021578257146746924,0.009200539106397398,0.009344401595406733,0.009056676617388067,1.8267466021328132e-06
396,19.92718243733964,0.035759788277465954,0.021288159739895684,0.00929768900549591,0.00945282792274834,0.009142550088243481,1.8404687771452612e-06
397,19.948326397612533,0.03578873262303047,0.02099980050136233,0.01103262922508623,0.011486511747883052,0.010578746702289407,2.557514828938489e-06
398,19.9691828756771,0.035820499352124155,0.02071320420287514,0.01526136076891113,0.014397573502541696,0.016125148035280583,4.829445992834731e-06
399,19.989753645658844,0.035855428651824166,0.020428395199504543,0.010120888853356902,0.019286636017803338,0.0009551416889104656,2.664598800612515e-06
