lambda,thickness,s_lambda,s_tau,subiterations,body_xi,body_eta,free_xi,free_eta
0.0,0.14095717581061157,2.0585675275982074,-4.247531269374962,0,4.266797747243535,0.5529873756307337,4.315007940717062,0.4205309576746802
0.008138546636394621,0.12799131439627284,2.2500043572196042,-4.232222791215177,17,4.274445479461677,0.555770922517776,4.318221087155931,0.4354984288549093
0.016277093272789242,0.11660352084011512,2.4526735260216053,-4.218225727829222,19,4.282093211679819,0.5585544694048185,4.321973964589833,0.44898300131370644
0.024415639909183863,0.10666382970208108,2.664195516494686,-4.205379195173587,20,4.289740943897961,0.5613380162918608,4.326222122220331,0.4611068026160504
0.032554186545578484,0.09805615038229679,2.881075512982672,-4.193533179614548,22,4.297388676116103,0.564121563178903,4.33092585472382,0.47197892224198545
0.040692733181973105,0.09067727252210489,3.098584134569438,-4.182547562661987,25,4.305036408334245,0.5669051100659454,4.336049862078636,0.48169634620393065
0.048831279818367726,0.08443568273355057,3.31075659016692,-4.172291180042302,28,4.312684140552387,0.5696886569529878,4.341562844862716,0.4903450689572502
0.05696982645476235,0.07925006787234484,3.510581585822404,-4.162640970570922,32,4.320331872770529,0.5724722038400301,4.347436992342797,0.49800149986360526
0.06510837309115697,0.07504725456029714,3.690449099340423,-4.153481299120007,38,4.327979604988671,0.5752557507270724,4.353647277749582,0.5047343994065195
0.0732469197275516,0.07175908091337511,3.842904330621703,-4.144703598550662,45,4.335627337206813,0.5780392976141147,4.360170388345725,0.5106078188054372
0.08138546636394622,0.0693171582683588,3.961719350999157,-4.136206603343119,55,4.343275069424955,0.5808228445011571,4.366982933830827,0.5156860223825315
0.08952401300034085,0.0676433468901777,4.043272256747949,-4.127897717383949,69,4.350922801643097,0.5836063913881994,4.374058188841504,0.5200424374702379
0.09766255963673548,0.06663190999370466,4.088246344307792,-4.119696562224563,87,4.358570533861239,0.5863899382752417,4.381359989267349,0.5237764241452866
0.10580110627313011,0.06612133632665264,4.103474901499216,-4.111542015834833,107,4.366218266079381,0.589173485162284,4.388833095006707,0.5270397533396253
0.11393965290952474,0.06588782304576207,4.101712108836367,-4.1034001198759595,118,4.373865998297523,0.5919570320493264,4.396400960979051,0.530042730933576
0.12207819954591936,0.06574076832268982,4.094591886366457,-4.095260244788199,118,4.381513730515665,0.5947405789363687,4.4039983975197305,0.5329644640587411
0.130216746182314,0.06560810655855613,4.086577743370426,-4.087120617002088,118,4.389161462733807,0.597524125823411,4.41160075674229,0.5358726722266003
0.13835529281870862,0.06547721547497995,4.078453589057275,-4.078981017882443,118,4.396809194951949,0.6003076727104534,4.419203721573267,0.5387792164990058
0.14649383945510325,0.06534652946020932,4.070316693466526,-4.070841422057881,118,4.4044569271700915,0.6030912195974957,4.426806756541907,0.5416855680697681
0.15463238609149788,0.06521586697814649,4.062178335752971,-4.062701826611116,118,4.412104659388233,0.605874766484538,4.434409799559207,0.5445918975270183
0.1627709327278925,0.06508520718958301,4.054039810694848,-4.054562231207589,118,4.419752391606375,0.6086583133715803,4.442012843497737,0.5474982244532072
0.17090947936428713,0.06495454770882214,4.0459012665193645,-4.0464226358090025,118,4.427400123824517,0.6114418602586227,4.449615887541543,0.5504045510901563
0.17904802600068176,0.06482388826325929,4.0377627201638155,-4.038283040410981,118,4.435047856042659,0.614225407145665,4.457218931597386,0.55331087769403
0.1871865726370764,0.06469322882180044,4.0296241735601015,-4.030143445013026,118,4.4426955882608015,0.6170089540327073,4.464821975654634,0.5562172042940472
0.19532511927347102,0.06456256938090514,4.021485626928185,-4.02200384961508,118,4.450343320478943,0.6197925009197496,4.472425019712074,0.5591235308935348
0.20346366590986564,0.06443190994017091,4.013347080293069,-4.013864254217137,118,4.457991052697085,0.622576047806792,4.480028063769569,0.5620298574928712
0.21160221254626027,0.06430125049955197,4.005208533657585,-4.0057246588191955,118,4.465638784915227,0.6253595946938343,4.487631107827104,0.5649361840920991
0.2197407591826549,0.06417059105904305,3.9970699870220607,-3.9975850634212557,118,4.473286517133369,0.6281431415808766,4.4952341518846755,0.5678425106912237
0.22787930581904953,0.06403993161864346,3.988931440386528,-3.989445468023318,118,4.480934249351511,0.630926688467919,4.502837195942286,0.5707488372902456
0.23601785245544415,0.06390927217835299,3.980792893750993,-3.9813058726253816,118,4.488581981569653,0.6337102353549613,4.510440239999933,0.5736551638891648
0.24415639909183878,0.06377861273817155,3.9726543471154536,-3.9731662772274468,118,4.496229713787796,0.6364937822420036,4.518043284057617,0.5765614904879817
0.2522949457282334,0.06364795329809896,3.9645158004799117,-3.9650266818295137,118,4.503877446005937,0.6392773291290459,4.5256463281153385,0.5794678170866963
0.26043349236462804,0.06351729385813513,3.956377253844367,-3.9568870864315824,118,4.511525178224079,0.6420608760160883,4.533249372173097,0.5823741436853086
0.26857203900102267,0.06338663441827992,3.94823870720882,-3.948747491033653,118,4.519172910442221,0.6448444229031306,4.540852416230893,0.5852804702838189
0.2767105856374173,0.06325597497853315,3.9401001605732695,-3.940607895635725,118,4.526820642660363,0.6476279697901729,4.548455460288726,0.5881867968822273
0.2848491322738119,0.06312531553889474,3.931961613937716,-3.932468300237799,118,4.5344683748785055,0.6504115166772153,4.556058504346597,0.5910931234805339
0.29298767891020655,0.06299465609936448,3.9238230673021604,-3.924328704839875,118,4.542116107096647,0.6531950635642576,4.563661548404503,0.5939994500787388
0.3011262255466012,0.0628639966599423,3.915684520666602,-3.9161891094419525,118,4.549763839314789,0.6559786104512999,4.571264592462446,0.5969057766768422
0.3092647721829958,0.06273333722062799,3.9075459740310405,-3.908049514044032,118,4.557411571532931,0.6587621573383422,4.578867636520428,0.5998121032748441
0.31740331881939043,0.06260267778142142,3.8994074273954764,-3.899909918646113,118,4.565059303751073,0.6615457042253846,4.586470680578445,0.602718429872745
0.32554186545578506,0.06247201834232243,3.8912688807599096,-3.891770323248196,118,4.5727070359692155,0.6643292511124269,4.594073724636501,0.6056247564705446
0.3336804120921797,0.06234135890333084,3.883130334124339,-3.88363072785028,118,4.580354768187357,0.6671127979994692,4.601676768694591,0.6085310830682433
0.3418189587285743,0.06221069946444648,3.8749917874887645,-3.875491132452366,118,4.5880025004055,0.6698963448865116,4.60927981275272,0.6114374096658415
0.34995750536496895,0.06208004002566917,3.866853240853188,-3.867351537054454,118,4.595650232623641,0.6726798917735539,4.616882856810884,0.6143437362633388
0.3580960520013636,0.06194938058699874,3.858714694217609,-3.8592119416565436,118,4.603297964841783,0.6754634386605962,4.624485900869085,0.6172500628607357
0.3662345986377582,0.06181872114843503,3.8505761475820264,-3.851072346258635,118,4.610945697059925,0.6782469855476385,4.632088944927323,0.6201563894580324
0.37437314527415283,0.061688061709977836,3.842437600946441,-3.842932750860728,118,4.618593429278067,0.6810305324346809,4.6396919889855965,0.623062716055229
0.38251169191054746,0.06155740227162697,3.8342990543108515,-3.834793155462823,118,4.62624116149621,0.6838140793217232,4.647295033043908,0.6259690426523257
0.3906502385469421,0.06142674283338224,3.8261605076752594,-3.826653560064919,118,4.633888893714351,0.6865976262087655,4.654898077102254,0.6288753692493225
0.3987887851833367,0.06129608339524345,3.818021961039665,-3.818513964667017,118,4.641536625932494,0.6893811730958079,4.662501121160637,0.63178169584622
0.40692733181973134,0.061165423957210405,3.8098834144040654,-3.810374369269117,118,4.649184358150635,0.6921647199828502,4.670104165219056,0.634688022443018
0.41506587845612597,0.06103476451928287,3.8017448677684644,-3.8022347738712186,118,4.656832090368777,0.6949482668698925,4.677707209277511,0.6375943490397169
0.4232044250925206,0.06090410508146066,3.793606321132859,-3.794095178473322,118,4.6644798225869195,0.6977318137569348,4.685310253336002,0.6405006756363167
0.4313429717289152,0.06077344564374354,3.785467774497251,-3.785955583075427,118,4.672127554805061,0.7005153606439772,4.692913297394529,0.643407002232818
0.43948151836530985,0.06064278620613129,3.777329227861639,-3.7778159876775335,118,4.679775287023204,0.7032989075310195,4.700516341453093,0.6463133288292205
0.4476200650017045,0.06051212676862369,3.769190681226024,-3.7696763922796417,118,4.687423019241345,0.7060824544180618,4.708119385511691,0.6492196554255247
0.4557586116380991,0.06038146733122052,3.761052134590406,-3.7615367968817517,118,4.695070751459488,0.7088660013051042,4.715722429570326,0.652125982021731
0.46389715827449374,0.06025080789392153,3.752913587954784,-3.7533972014838635,118,4.7027184836776295,0.7116495481921465,4.723325473628996,0.6550323086178391
0.47203570491088837,0.06012014845672649,3.744775041319159,-3.7452576060859766,118,4.710366215895771,0.7144330950791888,4.730928517687701,0.6579386352138497
0.480174251547283,0.059989489019635155,3.73663649468353,-3.7371180106880915,118,4.718013948113914,0.7172166419662311,4.738531561746443,0.6608449618097627
0.4883127981836776,0.05985882958264727,3.728497948047898,-3.728978415290208,118,4.725661680332055,0.7200001888532735,4.746134605805219,0.6637512884055787
0.49645134482007225,0.05972817014576259,3.7203594014122614,-3.7208388198923266,118,4.733309412550198,0.7227837357403158,4.753737649864031,0.6666576150012976
0.5045898914564668,0.059597510708980825,3.7122208547766227,-3.7126992244944463,118,4.740957144768339,0.7255672826273581,4.761340693922878,0.6695639415969198
0.5127284380928614,0.059466851272301745,3.7040823081409795,-3.704559629096568,118,4.748604876986481,0.7283508295144004,4.76894373798176,0.6724702681924454
0.520866984729256,0.059336191835725055,3.6959437615053328,-3.696420033698691,118,4.756252609204624,0.7311343764014427,4.776546782040677,0.6753765947878749
0.5290055313656505,0.05920553239925049,3.687805214869682,-3.688280438300816,118,4.763900341422765,0.733917923288485,4.78414982609963,0.6782829213832083
0.5371440780020451,0.05907487296287779,3.679666668234028,-3.6801408429029423,118,4.771548073640907,0.7367014701755275,4.791752870158616,0.6811892479784463
0.5452826246384397,0.058944213526606656,3.671528121598371,-3.6720012475050705,118,4.779195805859049,0.7394850170625697,4.799355914217638,0.6840955745735886
0.5534211712748343,0.058813554090436794,3.6633895749627094,-3.6638616521072,118,4.786843538077191,0.742268563949612,4.806958958276694,0.6870019011686357
0.5615597179112288,0.05868289465436791,3.6552510283270445,-3.6557220567093314,118,4.7944912702953335,0.7450521108366543,4.814562002335785,0.6899082277635881
0.5696982645476234,0.05855223521839972,3.647112481691376,-3.6475824613114645,118,4.802139002513475,0.7478356577236966,4.82216504639491,0.6928145543584456
0.577836811184018,0.058421575782531904,3.6389739350557027,-3.639442865913599,118,4.809786734731617,0.7506192046107389,4.82976809045407,0.695720880953209
0.5859753578204125,0.05829091634676414,3.630835388420026,-3.631303270515735,118,4.817434466949759,0.7534027514977812,4.837371134513265,0.6986272075478783
0.5941139044568071,0.058160256911096095,3.622696841784346,-3.623163675117873,118,4.825082199167901,0.7561862983848235,4.844974178572492,0.7015335341424539
0.6022524510932017,0.05802959747552749,3.6145582951486617,-3.6150240797200124,118,4.832729931386043,0.7589698452718658,4.852577222631753,0.7044398607369361
0.6103909977295963,0.05789893804005797,3.606419748512973,-3.6068844843221535,118,4.840377663604185,0.7617533921589081,4.860180266691049,0.7073461873313251
0.6185295443659908,0.05776827860468719,3.5982812018772807,-3.598744888924296,118,4.848025395822327,0.7645369390459504,4.867783310750379,0.7102525139256215
0.6266680910023854,0.057637619169414844,3.5901426552415843,-3.59060529352644,118,4.855673128040468,0.7673204859329928,4.875386354809742,0.7131588405198254
0.63480663763878,0.05750695973424053,3.582004108605884,-3.5824656981285856,118,4.863320860258611,0.7701040328200351,4.88298939886914,0.716065167113937
0.6429451842751746,0.05737630029916396,3.5738655619701802,-3.574326102730733,118,4.8709685924767525,0.7728875797070774,4.890592442928569,0.7189714937079568
0.6510837309115691,0.05724564086418475,3.5657270153344713,-3.566186507332882,118,4.878616324694894,0.7756711265941197,4.898195486988032,0.7218778203018851
0.6592222775479637,0.057114981429302505,3.557588468698759,-3.5580469119350324,118,4.886264056913037,0.778454673481162,4.905798531047529,0.7247841468957223
0.6673608241843583,0.056984321994516904,3.5494499220630424,-3.5499073165371846,118,4.893911789131178,0.7812382203682043,4.913401575107059,0.7276904734894687
0.6754993708207528,0.05685366255982753,3.5413113754273216,-3.541767721139338,118,4.901559521349321,0.7840217672552466,4.921004619166622,0.7305968000831247
0.6836379174571474,0.05672300312523402,3.5331728287915967,-3.533628125741493,118,4.9092072535674625,0.786805314142289,4.9286076632262175,0.7335031266766906
0.691776464093542,0.056592343690735986,3.5250342821558664,-3.5254885303436496,118,4.916854985785604,0.7895888610293313,4.936210707285845,0.7364094532701668
0.6999150107299366,0.05646168425633303,3.5168957355201327,-3.5173489349458076,118,4.924502718003747,0.7923724079163736,4.943813751345506,0.7393157798635537
0.7080535573663311,0.05633102482202475,3.508757188884395,-3.5092093395479673,118,4.932150450221888,0.7951559548034159,4.951416795405199,0.7422221064568515
0.7161921040027257,0.056200365387810716,3.5006186422486523,-3.5010697441501284,118,4.93979818244003,0.7979395016904582,4.959019839464924,0.7451284330500607
0.7243306506391203,0.05606970595369055,3.492480095612906,-3.4929301487522912,118,4.947445914658172,0.8007230485775005,4.966622883524682,0.7480347596431819
0.7324691972755148,0.05593904651966381,3.484341548977155,-3.4847905533544554,118,4.955093646876314,0.8035065954645428,4.974225927584471,0.7509410862362151
0.7406077439119094,0.05580838708573008,3.4762030023413995,-3.476650957956621,118,4.962741379094457,0.8062901423515851,4.981828971644292,0.753847412829161
0.748746290548304,0.05567772765188889,3.468064455705639,-3.4685113625587882,118,4.970389111312598,0.8090736892386274,4.9894320157041445,0.75675373942202
0.7568848371846986,0.05554706821813984,3.459925909069875,-3.460371767160957,118,4.97803684353074,0.8118572361256697,4.997035059764029,0.7596600660147923
0.7650233838210931,0.05541640878448247,3.4517873624341058,-3.452232171763127,118,4.985684575748882,0.814640783012712,5.004638103823945,0.7625663926074785
0.7731619304574877,0.05528574935091631,3.443648815798332,-3.4440925763652985,118,4.993332307967024,0.8174243298997543,5.012241147883891,0.765472719200079
0.7813004770938823,0.055155089917440905,3.435510269162554,-3.4359529809674716,118,5.000980040185166,0.8202078767867966,5.019844191943869,0.7683790457925942
0.7894390237302769,0.0550244304840558,3.4273717225267712,-3.427813385569646,118,5.008627772403308,0.822991423673839,5.027447236003878,0.7712853723850246
0.7975775703666714,0.05489377105076051,3.4192331758909833,-3.4196737901718217,118,5.01627550462145,0.8257749705608813,5.035050280063917,0.7741916989773706
0.805716117003066,0.05476311161755452,3.4110946292551905,-3.411534194773999,118,5.023923236839591,0.8285585174479236,5.042653324123987,0.7770980255696326
0.8138546636394606,0.05463245218443735,3.4029560826193936,-3.403394599376178,118,5.031570969057734,0.8313420643349659,5.050256368184088,0.7800043521618112
0.8219932102758551,0.05450179275140852,3.394817535983592,-3.395255003978358,118,5.039218701275876,0.8341256112220083,5.057859412244218,0.7829106787539069
0.8301317569122497,0.05437113331846752,3.3866789893477853,-3.3871154085805397,118,5.046866433494017,0.8369091581090506,5.065462456304378,0.7858170053459199
0.8382703035486443,0.05424047388561384,3.378540442711974,-3.3789758131827226,118,5.05451416571216,0.8396927049960929,5.07306550036457,0.7887233319378508
0.8464088501850389,0.05410981445284694,3.3704018960761575,-3.3708362177849067,118,5.062161897930301,0.8424762518831352,5.08066854442479,0.7916296585297004
0.8545473968214334,0.0539791550201663,3.3622633494403362,-3.3626966223870927,118,5.069809630148443,0.8452597987701775,5.088271588485039,0.7945359851214687
0.862685943457828,0.053848495587571384,3.3541248028045105,-3.35455702698928,118,5.0774573623665855,0.8480433456572198,5.095874632545319,0.7974423117131565
0.8708244900942226,0.053717836155061656,3.345986256168679,-3.3464174315914685,118,5.085105094584727,0.8508268925442621,5.1034776766056265,0.8003486383047642
0.8789630367306172,0.053587176722636534,3.337847709532843,-3.3382778361936585,118,5.09275282680287,0.8536104394313044,5.111080720665964,0.8032549648962926
0.8871015833670117,0.05345651729029547,3.3297091628970015,-3.3301382407958497,118,5.100400559021011,0.8563939863183467,5.118683764726329,0.8061612914877417
0.8952401300034063,0.053325857858037895,3.3215706162611554,-3.3219986453980423,118,5.108048291239153,0.859177533205389,5.126286808786723,0.8090676180791126
0.9033786766398009,0.05319519842586323,3.3134320696253043,-3.3138590500002363,118,5.1156960234572955,0.8619610800924313,5.133889852847147,0.8119739446704055
0.9115172232761954,0.0530645389937709,3.305293522989447,-3.3057194546024316,118,5.123343755675437,0.8647446269794736,5.1414928969075975,0.814880271261621
0.91965576991259,0.05293387956176029,3.2971549763535855,-3.297579859204628,118,5.130991487893579,0.8675281738665159,5.149095940968076,0.8177865978527598
0.9277943165489846,0.05280322011614346,3.289016429628717,-3.2894402638066063,119,5.138639220111721,0.8703117207535582,5.156698985023901,0.8206929244566842
0.9359328631853792,0.05267256066930471,3.280877882984397,-3.281300668408565,119,5.146286952329863,0.8730952676406006,5.164302029079309,0.8235992510617569
0.9440714098217737,0.0525419012224179,3.2727393363476915,-3.2731610730105225,119,5.153934684548005,0.8758788145276429,5.1719050731347,0.8265055776668747
0.9522099564581683,0.052411241775593594,3.2646007897117006,-3.265021477612481,119,5.161582416766147,0.8786623614146852,5.179508117190112,0.8294119042719338
0.9603485030945629,0.05228058232884174,3.256462243075772,-3.256881882214441,119,5.169230148984289,0.8814459083017275,5.187111161245548,0.8323182308769248
0.9684870497309574,0.05214992288216272,3.2483236964398454,-3.248742286816402,119,5.176877881202431,0.8842294551887698,5.194714205301011,0.8352245574818473
0.976625596367352,0.05201926343555607,3.2401851498039145,-3.2406026914183643,119,5.184525613420573,0.8870130020758122,5.202317249356497,0.838130884086702
0.9847641430037466,0.05188860398902124,3.2320466031679786,-3.2324630960203278,119,5.1921733456387145,0.8897965489628545,5.209920293412009,0.8410372106914891
0.9929026896401412,0.05175794454255764,3.223908056532038,-3.224323500622292,119,5.199821077856857,0.8925800958498968,5.2175233374675445,0.8439435372962092
1.0010412362765357,0.051627285096164655,3.2157695098960923,-3.216183905224258,119,5.207468810074999,0.8953636427369391,5.225126381523104,0.8468498639008629
1.0091797829129303,0.05149662564984169,3.2076309632601414,-3.2080443098262243,119,5.21511654229314,0.8981471896239814,5.232729425578688,0.8497561905054509
1.0173183295493249,0.05136596620358813,3.1994924166241856,-3.1999047144281922,119,5.222764274511283,0.9009307365110237,5.240332469634295,0.8526625171099736
1.0254568761857195,0.051235306757403364,3.191353869988225,-3.191765119030161,119,5.230412006729424,0.903714283398066,5.247935513689926,0.8555688437144318
1.033595422822114,0.05110464731128677,3.1832153233522598,-3.183625523632131,119,5.238059738947566,0.9064978302851083,5.25553855774558,0.8584751703188258
1.0417339694585086,0.0509739878652377,3.175076776716289,-3.175485928234102,119,5.245707471165709,0.9092813771721506,5.263141601801258,0.8613814969231564
1.0498725160949032,0.050843328419255485,3.166938230080313,-3.1673463328360745,119,5.25335520338385,0.9120649240591929,5.270744645856958,0.8642878235274241
1.0580110627312977,0.050712668973339495,3.158799683444332,-3.1592067374380477,119,5.261002935601993,0.9148484709462352,5.278347689912682,0.8671941501316296
1.0661496093676923,0.05058200952748906,3.1506611368083455,-3.1510671420400223,119,5.268650667820134,0.9176320178332775,5.285950733968426,0.8701004767357736
1.074288156004087,0.0504513500817035,3.1425225901723537,-3.1429275466419977,119,5.276298400038276,0.9204155647203198,5.293553778024194,0.8730068033398566
1.0824267026404815,0.05032069063598213,3.1343840435363575,-3.134787951243974,119,5.2839461322564185,0.9231991116073622,5.301156822079983,0.8759131299438793
1.090565249276876,0.05019003119032426,3.1262454969003555,-3.1266483558459517,119,5.29159386447456,0.9259826584944045,5.308759866135794,0.8788194565478422
1.0987037959132706,0.050059371744729186,3.118106950264348,-3.1185087604479302,119,5.299241596692703,0.9287662053814468,5.316362910191628,0.8817257831517462
1.1068423425496652,0.0499287122991962,3.109968403628335,-3.1103691650499097,119,5.306889328910844,0.9315497522684891,5.323965954247481,0.8846321097555918
1.1149808891860598,0.04979805285372458,3.1018298569923166,-3.10222956965189,119,5.314537061128986,0.9343332991555314,5.331568998303356,0.8875384363593798
1.1231194358224543,0.04966739340831359,3.093691310356293,-3.0940899742538712,119,5.3221847933471285,0.9371168460425738,5.339172042359253,0.8904447629631109
1.131257982458849,0.04953673396296249,3.0855527637202638,-3.0859503788558538,119,5.32983252556527,0.9399003929296161,5.346775086415168,0.8933510895667857
1.1393965290952435,0.04940607451767053,3.077414217084229,-3.077810783457837,119,5.337480257783412,0.9426839398166584,5.354378130471104,0.8962574161704048
1.147535075731638,0.049275415072436934,3.0692756704481883,-3.0696711880598215,119,5.345127990001554,0.9454674867037007,5.361981174527061,0.899163742773969
1.1556736223680326,0.04914475562726094,3.0611371238121428,-3.0615315926618067,119,5.352775722219696,0.948251033590743,5.369584218583037,0.9020700693774792
1.1638121690044272,0.04901409618214179,3.0529985771760915,-3.053391997263793,119,5.3604234544378375,0.9510345804777853,5.377187262639032,0.9049763959809359
1.1719507156408218,0.04888343673707867,3.0448600305400344,-3.04525240186578,119,5.36807118665598,0.9538181273648276,5.384790306695047,0.90788272258434
1.1800892622772163,0.04875277729207078,3.0367214839039707,-3.0371128064677677,119,5.375718918874122,0.9566016742518699,5.39239335075108,0.9107890491876922
1.188227808913611,0.04862211784711731,3.0285829372679025,-3.0289732110697565,119,5.383366651092263,0.9593852211389122,5.399996394807132,0.9136953757909932
1.1963663555500055,0.048491458402217434,3.020444390631828,-3.020833615671746,119,5.391014383310406,0.9621687680259545,5.407599438863203,0.916601702394244
1.2045049021864,0.04836079895737031,3.0123058439957475,-3.0126940202737367,119,5.3986621155285475,0.9649523149129968,5.415202482919291,0.9195080289974451
1.2126434488227946,0.04823013951257509,3.004167297359662,-3.004554424875728,119,5.406309847746689,0.9677358618000391,5.422805526975397,0.9224143556005975
1.2207819954591892,0.04809948006783095,2.9960287507235694,-2.9964148294777204,119,5.413957579964832,0.9705194086870814,5.4304085710315215,0.9253206822037018
1.2289205420955838,0.04796882062313699,2.9878902040874715,-2.988275234079713,119,5.421605312182973,0.9733029555741237,5.438011615087662,0.928227008806759
1.2370590887319783,0.047838161178492336,2.9797516574513674,-2.980135638681707,119,5.429253044401115,0.9760865024611661,5.4456146591438195,0.93113333540977
1.245197635368373,0.04770750173389611,2.971613110815257,-2.9719960432837014,119,5.436900776619257,0.9788700493482084,5.453217703199995,0.9340396620127354
1.2533361820047675,0.047576842289347374,2.9634745641791413,-2.963856447885697,119,5.444548508837399,0.9816535962352507,5.460820747256184,0.936945988615656
1.261474728641162,0.047446182844845246,2.9553360175430186,-2.9557168524876927,119,5.452196241055541,0.984437143122293,5.46842379131239,0.939852315218533
1.2696132752775566,0.0473155234003888,2.9471974709068904,-2.9475772570896894,119,5.459843973273683,0.9872206900093354,5.4760268353686135,0.9427586418213671
1.2777518219139512,0.0471848639559771,2.939058924270756,-2.939437661691687,119,5.467491705491825,0.9900042368963777,5.483629879424851,0.9456649684241591
1.2858903685503458,0.047054204511609174,2.930920377634615,-2.931298066293685,119,5.475139437709967,0.99278778378342,5.491232923481103,0.94857129502691
1.2940289151867403,0.04692354506728408,2.9227818309984683,-2.923158470895684,119,5.482787169928109,0.9955713306704623,5.49883596753737,0.9514776216296205
1.302167461823135,0.04679288562300083,2.9146432843623145,-2.9150188754976836,119,5.4904349021462515,0.9983548775575046,5.506439011593652,0.9543839482322918
1.3103060084595295,0.046662226178758454,2.906504737726155,-2.906879280099684,119,5.498082634364393,1.001138424444547,5.514042055649947,0.9572902748349246
1.318444555095924,0.046531566734555926,2.8983661910899885,-2.8987396847016846,119,5.505730366582535,1.0039219713315892,5.521645099706255,0.96019660143752
1.3265831017323186,0.04640090729039226,2.8902276444538164,-2.8906000893036863,119,5.513378098800677,1.0067055182186315,5.529248143762579,0.9631029280400789
1.3347216483687132,0.04627024784626642,2.8820890978176372,-2.8824604939056884,119,5.521025831018819,1.0094890651056738,5.536851187818913,0.9660092546426022
1.3428601950051078,0.04613958840217735,2.873950551181452,-2.874320898507691,119,5.528673563236961,1.0122726119927161,5.54445423187526,0.968915581245091
1.3509987416415024,0.04600892895812402,2.8658120045452598,-2.8661813031096943,119,5.536321295455103,1.0150561588797584,5.552057275931621,0.9718219078475462
1.359137288277897,0.04587826951410538,2.857673457909062,-2.858041707711698,119,5.543969027673245,1.0178397057668007,5.559660319987993,0.9747282344499688
1.3672758349142915,0.04574761007012034,2.849534911272856,-2.8499021123137025,119,5.551616759891386,1.020623252653843,5.567263364044376,0.9776345610523598
1.375414381550686,0.045616950626167795,2.8413963646366445,-2.8417625169157072,119,5.559264492109529,1.0234067995408853,5.574866408100771,0.9805408876547204
1.3835529281870806,0.045486291182246646,2.8332578180004258,-2.8336229215177124,119,5.5669122243276705,1.0261903464279278,5.582469452157175,0.9834472142570515
1.3916914748234752,0.04535563173835578,2.8251192713642,-2.825483326119718,119,5.574559956545812,1.0289738933149701,5.590072496213591,0.9863535408593541
1.3998300214598698,0.045224972294494056,2.8169807247279675,-2.817343730721724,119,5.582207688763955,1.0317574402020124,5.597675540270017,0.9892598674616292
1.4079685680962644,0.04509431285066032,2.808842178091728,-2.8092041353237307,119,5.589855420982096,1.0345409870890547,5.605278584326451,0.9921661940638781
1.416107114732659,0.04496365340685341,2.800703631455482,-2.8010645399257377,119,5.597503153200238,1.037324533976097,5.612881628382896,0.9950725206661017
1.4242456613690535,0.04483299396307217,2.792565084819229,-2.792924944527745,119,5.6051508854183805,1.0401080808631393,5.620484672439349,0.9979788472683012
1.432384208005448,0.04470233451931539,2.7844265381829687,-2.784785349129753,119,5.612798617636522,1.0428916277501816,5.62808771649581,1.0008851738704778
1.4405227546418427,0.044571675075581865,2.7762879915467016,-2.7766457537317613,119,5.620446349854664,1.045675174637224,5.635690760552279,1.0037915004726325
1.4486613012782372,0.04444101563187039,2.768149444910428,-2.76850615833377,119,5.628094082072806,1.0484587215242662,5.643293804608757,1.0066978270747664
1.4567998479146318,0.0443103561881797,2.760010898274147,-2.760366562935779,119,5.635741814290948,1.0512422684113085,5.650896848665241,1.009604153676881
1.4649383945510264,0.04417969674450857,2.7518723516378585,-2.7522269675377884,119,5.64338954650909,1.0540258152983508,5.658499892721732,1.0125104802789768
1.473076941187421,0.04404903730085572,2.7437338050015634,-2.744087372139798,119,5.651037278727232,1.0568093621853931,5.666102936778229,1.0154168068810558
1.4812154878238155,0.04391837785721986,2.7355952583652607,-2.735947776741808,119,5.658685010945375,1.0595929090724354,5.673705980834732,1.0183231334831186
1.48935403446021,0.043787718413599706,2.7274567117289505,-2.727808181343818,119,5.666332743163516,1.0623764559594777,5.68130902489124,1.0212294600851668
1.4974925810966047,0.043657058969993924,2.7193181650926337,-2.7196685859458287,119,5.673980475381658,1.06516000284652,5.688912068947753,1.0241357866872014
1.5056311277329992,0.043526399526401194,2.711179618456309,-2.7115289905478392,119,5.6816282075998,1.0679435497335623,5.696515113004271,1.0270421132892238
1.5137696743693938,0.043395740082820176,2.703041071819977,-2.70338939514985,119,5.689275939817942,1.0707270966206046,5.704118157060791,1.0299484398912353
1.5219082210057884,0.043265080639249484,2.694902525183638,-2.695249799751861,119,5.696923672036084,1.073510643507647,5.711721201117316,1.0328547664932368
1.530046767642183,0.04313442119568776,2.6867639785472903,-2.687110204353872,119,5.704571404254226,1.0762941903946892,5.719324245173845,1.0357610930952301
1.5381853142785775,0.04300376175213359,2.678625431910936,-2.6789706089558836,119,5.712219136472368,1.0790777372817315,5.7269272892303755,1.0386674196972163
1.546323860914972,0.04287310230858559,2.670486885274574,-2.670831013557895,119,5.719866868690509,1.0818612841687738,5.734530333286908,1.0415737462991967
1.5544624075513667,0.04274244286504228,2.6623483386382043,-2.6626914181599064,119,5.727514600908652,1.084644831055816,5.742133377343443,1.0444800729011725
1.5626009541877612,0.04261178342150223,2.6542097920018266,-2.654551822761918,119,5.735162333126794,1.0874283779428584,5.749736421399978,1.0473863995031454
1.5707395008241558,0.042481123977963976,2.6460712453654414,-2.6464122273639292,119,5.742810065344935,1.0902119248299007,5.757339465456514,1.0502927261051167
1.5788780474605504,0.04235046453442602,2.6379326987290486,-2.6382726319659406,119,5.750457797563078,1.092995471716943,5.764942509513051,1.0531990527070876
1.587016594096945,0.04221980509088688,2.6297941520926473,-2.630133036567952,119,5.758105529781219,1.0957790186039855,5.772545553569587,1.0561053793090598
1.5951551407333395,0.04208914564734501,2.6216556054562385,-2.6219934411699635,119,5.765753261999361,1.0985625654910278,5.780148597626121,1.0590117059110344
1.603293687369734,0.041958486203798884,2.613517058819822,-2.613853845771975,119,5.7734009942175035,1.1013461123780701,5.787751641682655,1.061918032513013
1.6114322340061287,0.04182782676024692,2.6053785121833974,-2.6057142503739863,119,5.781048726435645,1.1041296592651124,5.795354685739186,1.064824359114997
1.6195707806425232,0.04169716731668754,2.5972399655469642,-2.5975746549759973,119,5.788696458653787,1.1069132061521547,5.802957729795715,1.0677306857169881
1.6277093272789178,0.04156650787311917,2.5891014189105235,-2.5894350595780082,119,5.796344190871929,1.109696753039197,5.810560773852242,1.0706370123189877
1.6358478739153124,0.04143584842954017,2.580962872274075,-2.581295464180019,119,5.803991923090071,1.1124802999262393,5.818163817908763,1.073543338920997
1.643986420551707,0.041305188985948905,2.572824325637618,-2.5731558687820297,119,5.8116396553082135,1.1152638468132816,5.825766861965282,1.076449665523018
1.6521249671881015,0.041174529542343734,2.564685779001153,-2.5650162733840403,119,5.819287387526355,1.118047393700324,5.833369906021795,1.0793559921250522
1.660263513824496,0.041043870098722963,2.556547232364679,-2.5568766779860503,119,5.826935119744497,1.1208309405873662,5.840972950078302,1.0822623187271008
1.6684020604608907,0.040913210655084895,2.5484086857281976,-2.5487370825880604,119,5.834582851962639,1.1236144874744087,5.848575994134805,1.085168645329166
1.6765406070972853,0.040782551211427806,2.5402701390917075,-2.54059748719007,119,5.842230584180781,1.126398034361451,5.8561790381913,1.088074971931249
1.6846791537336798,0.04065189176774995,2.532131592455209,-2.5324578917920793,119,5.849878316398923,1.1291815812484933,5.863782082247789,1.0909812985333514
1.6928177003700744,0.04052123232404958,2.5239930458187017,-2.524318296394088,119,5.857526048617065,1.1319651281355356,5.871385126304269,1.0938876251354748
1.700956247006469,0.04039057288032492,2.515854499182186,-2.5161787009960963,119,5.865173780835207,1.134748675022578,5.878988170360741,1.0967939517376213
1.7090947936428635,0.04025991343657413,2.5077159525456616,-2.508039105598104,119,5.872821513053349,1.1375322219096202,5.886591214417205,1.099700278339792
1.7172333402792581,0.04012925399279542,2.4995774059091285,-2.4998995102001116,119,5.880469245271491,1.1403157687966625,5.894194258473659,1.1026066049419891
1.7253718869156527,0.03999859454898693,2.4914388592725873,-2.4917599148021186,119,5.8881169774896325,1.1430993156837048,5.9017973025301025,1.1055129315442143
1.7335104335520473,0.03986793510514679,2.4833003126360365,-2.483620319404125,119,5.895764709707775,1.1458828625707471,5.909400346586536,1.1084192581464691
1.7416489801884418,0.03973727566127309,2.4751617659994776,-2.475480724006131,119,5.903412441925917,1.1486664094577894,5.917003390642957,1.1113255847487555
1.7497875268248364,0.039606616217363916,2.4670232193629102,-2.467341128608137,119,5.911060174144058,1.1514499563448317,5.924606434699366,1.1142319113510755
1.757926073461231,0.03947595677341735,2.4588846727263336,-2.4592015332101416,119,5.918707906362201,1.154233503231874,5.932209478755763,1.1171382379534303
1.7660646200976255,0.0393452973294314,2.4507461260897476,-2.451061937812146,119,5.926355638580342,1.1570170501189163,5.9398125228121454,1.1200445645558221
1.7742031667340201,0.03921463788540408,2.442607579453153,-2.4429223424141493,119,5.934003370798484,1.1598005970059586,5.947415566868514,1.1229508911582529
1.7823417133704147,0.03908397844133341,2.4344690328165495,-2.4347827470161523,119,5.941651103016627,1.162584143893001,5.955018610924869,1.1258572177607244
1.7904802600068093,0.03895331899721732,2.426330486179937,-2.4266431516181544,119,5.949298835234768,1.1653676907800432,5.962621654981207,1.1287635443632387
1.7986188066432038,0.038822659553053786,2.418191939543315,-2.418503556220156,119,5.95694656745291,1.1681512376670855,5.970224699037529,1.1316698709657973
1.8067573532795984,0.03869200010884069,2.410053392906685,-2.4103639608221568,119,5.964594299671052,1.1709347845541278,5.977827743093835,1.1345761975684026
1.814895899915993,0.038561340664575935,2.401914846270045,-2.4022243654241566,119,5.972242031889194,1.17371833144117,5.985430787150122,1.1374825241710564
1.8230344465523876,0.03843068122025739,2.3937762996333953,-2.3940847700261556,119,5.979889764107336,1.1765018783282124,5.993033831206391,1.140388850773761
1.8311729931887821,0.03830002177588287,2.385637752996736,-2.3859451746281537,119,5.987537496325478,1.1792854252152547,6.000636875262642,1.143295177376518
1.8393115398251767,0.0381693623314502,2.377499206360068,-2.377805579230151,119,5.99518522854362,1.182068972102297,6.008239919318872,1.1462015039793296
1.8474500864615713,0.038038702886957154,2.3693606597233905,-2.369665983832147,119,6.002832960761762,1.1848525189893393,6.015842963375082,1.149107830582198
1.8555886330979658,0.0379080434424015,2.361222113086703,-2.361526388434142,119,6.010480692979904,1.1876360658763816,6.02344600743127,1.1520141571851252
1.8637271797343604,0.03777738399778097,2.3530835664500063,-2.3533867930361363,119,6.0181284251980465,1.190419612763424,6.031049051487436,1.1549204837881135
1.871865726370755,0.03764672455309325,2.3449450198133004,-2.3452471976381295,119,6.025776157416188,1.1932031596504662,6.038652095543579,1.1578268103911649
1.8800042730071496,0.03751606510833604,2.3368064731765843,-2.3371076022401214,119,6.03342388963433,1.1959867065375085,6.046255139599698,1.1607331369942815
1.8881428196435441,0.03738540566350699,2.3286679265398584,-2.328968006842112,119,6.041071621852472,1.198770253424551,6.053858183655794,1.1636394635974658
1.8962813662799387,0.03725474621860368,2.3205293799031224,-2.3208284114441016,119,6.048719354070614,1.2015538003115933,6.061461227711862,1.1665457902007197
1.9044199129163333,0.037124086773623735,2.312390833266377,-2.31268881604609,119,6.0563670862887555,1.2043373471986356,6.069064271767905,1.1694521168040457
1.9125584595527279,0.0369934273285647,2.304252286629622,-2.304549220648077,119,6.064014818506898,1.207120894085678,6.076667315823921,1.1723584434074459
1.9206970061891224,0.036862767883424116,2.296113739992857,-2.2964096252500625,119,6.07166255072504,1.2099044409727202,6.084270359879909,1.1752647700109229
1.928835552825517,0.036732108438199476,2.2879751933560812,-2.288270029852047,119,6.079310282943181,1.2126879878597625,6.091873403935868,1.1781710966144787
1.9369740994619116,0.036601448992888266,2.279836646719296,-2.28013043445403,119,6.086958015161324,1.2154715347468048,6.0994764479917984,1.1810774232181158
1.9451126460983061,0.0364707895474879,2.2716981000825007,-2.2719908390560115,119,6.0946057473794655,1.218255081633847,6.107079492047697,1.1839837498218369
1.9532511927347007,0.036340130101995806,2.263559553445696,-2.263851243657992,119,6.102253479597607,1.2210386285208894,6.114682536103565,1.186890076425644
1.9613897393710953,0.036209470656409365,2.2554210068088794,-2.2557116482599704,119,6.10990121181575,1.223822175407932,6.122285580159401,1.1897964030295403
1.9695282860074899,0.03607881121072589,2.247282460172053,-2.2475720528619476,119,6.117548944033891,1.2266057222949742,6.129888624215203,1.1927027296335273
1.9776668326438844,0.03594815176494271,2.239143913535217,-2.239432457463923,119,6.125196676252033,1.2293892691820165,6.137491668270972,1.195609056237608
1.985805379280279,0.03581749231905713,2.23100536689837,-2.2312928620658967,119,6.132844408470175,1.2321728160690588,6.1450947123267055,1.198515382841785
1.9939439259166736,0.03568683287306636,2.2228668202615127,-2.2231532666678686,119,6.140492140688317,1.2349563629561011,6.152697756382403,1.2014217094460606
2.0020824725530684,0.035556173426967645,2.2147282736246447,-2.215013671269839,119,6.14813987290646,1.2377399098431434,6.160300800438064,1.204328036050438
2.010221019189463,0.035425513980758126,2.206589726987766,-2.206874075871808,119,6.155787605124601,1.2405234567301857,6.167903844493686,1.2072343626549193
2.0183595658258575,0.03529485453443497,2.198451180350877,-2.1987344804737745,119,6.163435337342744,1.243307003617228,6.17550688854927,1.2101406892595075
2.026498112462252,0.03516419508799529,2.190312633713977,-2.1905948850757393,119,6.171083069560885,1.2460905505042703,6.183109932604814,1.213047015864205
2.0346366590986467,0.03503353564143616,2.1821740870770663,-2.1824552896777023,119,6.178730801779027,1.2488740973913126,6.190712976660316,1.215953342469015
2.0427752057350412,0.03490287619475462,2.1740355404401455,-2.1743156942796635,119,6.1863785339971695,1.251657644278355,6.198316020715778,1.21885966907394
2.050913752371436,0.03477221674794767,2.165896993803213,-2.1661760988816225,119,6.194026266215311,1.2544411911653972,6.205919064771195,1.2217659956789826
2.0590522990078304,0.0346415573219119,2.157758447255541,-2.158036503483915,118,6.201673998433453,1.2572247380524395,6.213522108833717,1.2246723222645068
2.067190845644225,0.03451089789707115,2.1496199006242316,-2.1498969080862267,118,6.209321730651595,1.2600082849394818,6.221125152896649,1.2275786488489082
2.0753293922806195,0.0343802384721602,2.141481353987539,-2.141757312688537,118,6.216969462869737,1.262791831826524,6.228728196959556,1.2304849754333753
2.083467938917014,0.034249579047094456,2.1333428073504908,-2.133617717290845,118,6.224617195087879,1.2655753787135664,6.23633124102241,1.233391302017988
2.0916064855534087,0.03411891962186515,2.1252042607134083,-2.1254781218931504,118,6.232264927306021,1.2683589256006087,6.243934285085208,1.2362976286027545
2.0997450321898032,0.033988260196468334,2.1170657140763116,-2.117338526495453,118,6.239912659524163,1.271142472487651,6.251537329147949,1.2392039551876783
2.107883578826198,0.03385760077090032,2.108927167439202,-2.1091989310977532,118,6.247560391742304,1.2739260193746933,6.259140373210631,1.242110281772763
2.1160221254625924,0.033726941345157385,2.1007886208020796,-2.10105933570005,118,6.255208123960447,1.2767095662617356,6.266743417273254,1.245016608358012
2.124160672098987,0.033596281919235776,2.092650074164945,-2.0929197403023445,118,6.2628558561785885,1.279493113148778,6.274346461335815,1.247922934943429
2.1322992187353815,0.033465622493131696,2.084511527527797,-2.0847801449046357,118,6.27050358839673,1.2822766600358202,6.281949505398313,1.2508292615290175
2.140437765371776,0.033334963066841264,2.076372980890637,-2.0766405495069242,118,6.278151320614873,1.2850602069228627,6.289552549460749,1.2537355881147811
2.1485763120081707,0.03320430364036061,2.068234434253463,-2.0685009541092096,118,6.285799052833015,1.287843753809905,6.2971555935231205,1.2566419147007235
2.1567148586445652,0.03307364421368577,2.0600958876162765,-2.060361358711492,118,6.293446785051156,1.2906273006969473,6.304758637585423,1.2595482412868482
2.16485340528096,0.03294298478681277,2.0519573409790772,-2.052221763313771,118,6.3010945172692985,1.2934108475839896,6.312361681647659,1.2624545678731591
2.1729919519173544,0.032812325359737556,2.043818794341864,-2.044082167916047,118,6.308742249487441,1.296194394471032,6.319964725709827,1.2653608944596602
2.181130498553749,0.03268166593245603,2.0356802477046383,-2.0359425725183193,118,6.316389981705583,1.2989779413580742,6.327567769771923,1.268267221046355
2.1892690451901435,0.03255100650496406,2.0275417010673986,-2.0278029771205883,118,6.324037713923724,1.3017614882451165,6.335170813833947,1.2711735476332477
2.197407591826538,0.03242034707725744,2.0194031544301456,-2.0196633817228538,118,6.331685446141867,1.3045450351321588,6.3427738578958985,1.274079874220342
2.2055461384629327,0.032289687649331926,2.011264607792879,-2.0115237863251156,118,6.339333178360008,1.307328582019201,6.350376901957774,1.276986200807642
2.2136846850993273,0.03215902822118321,2.0031260611555988,-2.003384190927374,118,6.34698091057815,1.3101121289062436,6.357979946019573,1.279892527395152
2.221823231735722,0.03202836879280694,1.9949875145183051,-1.9952445955296287,118,6.354628642796293,1.312895675793286,6.365582990081296,1.2827988539828756
2.2299617783721164,0.0318977093641987,1.9868489678809982,-1.98710500013188,118,6.362276375014434,1.3156792226803282,6.373186034142938,1.285705180570817
2.238100325008511,0.03176704993535405,1.9787104212436768,-1.9789654047341274,118,6.369924107232576,1.3184627695673705,6.380789078204499,1.2886115071589808
2.2462388716449055,0.03163639050626846,1.970571874606342,-1.9708258093363709,118,6.377571839450718,1.3212463164544128,6.388392122265979,1.291517833747371
2.2543774182813,0.031505731076937354,1.9624333279689936,-1.9626862139386103,118,6.38521957166886,1.3240298633414551,6.395995166327374,1.2944241603359918
2.2625159649176947,0.031375071647356104,1.9542947813316305,-1.9545466185408458,118,6.392867303887002,1.3268134102284974,6.403598210388684,1.2973304869248476
2.2706545115540893,0.031244412217520015,1.946156234694254,-1.9464070231430772,118,6.400515036105144,1.3295969571155397,6.411201254449907,1.300236813513943
2.278793058190484,0.03111375278742435,1.938017688056863,-1.9382674277453045,118,6.408162768323286,1.332380504002582,6.4188042985110405,1.3031431401032825
2.2869316048268784,0.03098309335706429,1.9298791414194576,-1.9301278323475275,118,6.415810500541427,1.3351640508896243,6.426407342572083,1.3060494666928701
2.295070151463273,0.03085243392643497,1.9217405947820383,-1.9219882369497463,118,6.42345823275957,1.3379475977766666,6.434010386633035,1.308955793282711
2.3032086980996676,0.03072177449553146,1.9136020481446048,-1.9138486415519607,118,6.431105964977712,1.340731144663709,6.441613430693892,1.3118621198728093
2.311347244736062,0.030591115064348775,1.9054635015071566,-1.9057090461541706,118,6.438753697195853,1.3435146915507512,6.449216474754654,1.31476844646317
2.3194857913724567,0.03046045563288186,1.8973249548696938,-1.8975694507563758,118,6.446401429413996,1.3462982384377935,6.456819518815319,1.3176747730537979
2.3276243380088513,0.030329796201125594,1.8891864082322167,-1.8894298553585764,118,6.454049161632138,1.3490817853248358,6.464422562875885,1.3205810996446976
2.335762884645246,0.030199136769074802,1.8810478615947248,-1.8812902599607724,118,6.461696893850279,1.351865332211878,6.4720256069363495,1.3234874262358742
2.3439014312816404,0.030068477336724225,1.872909314957218,-1.8731506645629634,118,6.4693446260684215,1.3546488790989204,6.4796286509967125,1.3263937528273324
2.352039977918035,0.02993781790406855,1.8647707683196966,-1.8650110691651496,118,6.476992358286564,1.3574324259859627,6.4872316950569715,1.3293000794190772
2.3601785245544296,0.029807158471102397,1.8566322216821602,-1.8568714737673309,118,6.484640090504705,1.360215972873005,6.494834739117122,1.3322064060111138
2.368317071190824,0.02967649903782032,1.848493675044609,-1.848731878369507,118,6.492287822722847,1.3629995197600473,6.502437783177167,1.3351127326034475
2.3764556178272187,0.029545839604216785,1.8403551284070423,-1.840592282971678,118,6.49993555494099,1.3657830666470896,6.510040827237101,1.338019059196083
2.3845941644636133,0.02941518017028621,1.832216581769461,-1.8324526875738438,118,6.5075832871591315,1.368566613534132,6.517643871296923,1.340925385789026
2.392732711100008,0.02928452073602293,1.8240780351318642,-1.8243130921760042,118,6.515231019377273,1.3713501604211742,6.5252469153566315,1.3438317123822816
2.4008712577364024,0.029153861301421207,1.8159394884942521,-1.816173496778159,118,6.522878751595416,1.3741337073082165,6.532849959416224,1.3467380389758552
2.409009804372797,0.029023201866475234,1.807800941856624,-1.8080339013803084,118,6.530526483813557,1.3769172541952588,6.540453003475699,1.3496443655697523
2.4171483510091916,0.028892542431179127,1.7996623952189814,-1.7998943059824521,118,6.538174216031699,1.379700801082301,6.548056047535054,1.3525506921639783
2.425286897645586,0.028761882995526924,1.7915238485813227,-1.7917547105845901,118,6.545821948249841,1.3824843479693434,6.555659091594288,1.355457018758539
2.4334254442819807,0.02863122355951259,1.783385301943649,-1.7836151151867223,118,6.553469680467983,1.385267894856386,6.563262135653397,1.3583633453534403
2.4415639909183753,0.028500564123130012,1.7752467553059594,-1.7754755197888488,118,6.561117412686125,1.3880514417434282,6.5708651797123805,1.3612696719486874
2.44970253755477,0.028369904686372998,1.767108208668254,-1.7673359243909692,118,6.568765144904267,1.3908349886304705,6.578468223771236,1.3641759985442863
2.4578410841911644,0.02823924524923526,1.758969662030532,-1.7591963289930834,118,6.576412877122409,1.3936185355175128,6.586071267829961,1.3670823251402429
2.465979630827559,0.02810858581171044,1.750831115392795,-1.7510567335951914,118,6.5840606093405505,1.396402082404555,6.593674311888553,1.3699886517365634
2.4741181774639536,0.02797792637379211,1.7426925687550419,-1.7429171381972932,118,6.591708341558693,1.3991856292915974,6.601277355947013,1.3728949783332536
2.482256724100348,0.02784726693547375,1.7345540221172722,-1.7347775427993886,118,6.599356073776835,1.4019691761786397,6.608880400005334,1.3758013049303197
2.4903952707367427,0.02771660749674873,1.7264154754794865,-1.7266379474014772,118,6.607003805994976,1.404752723065682,6.616483444063515,1.3787076315277678
2.4985338173731373,0.02758594805761037,1.7182769288416844,-1.7184983520035593,118,6.614651538213119,1.4075362699527243,6.6240864881215575,1.3816139581256044
2.506672364009532,0.02745528861805189,1.7101383822038665,-1.7103587566056346,118,6.62229927043126,1.4103198168397668,6.631689532179454,1.384520284723836
2.5148109106459264,0.027324629178066398,1.7019998355660313,-1.7022191612077031,118,6.629947002649402,1.4131033637268091,6.639292576237205,1.387426611322469
2.522949457282321,0.02719396973764693,1.6938612889281803,-1.6940795658097647,118,6.637594734867545,1.4158869106138514,6.646895620294808,1.3903329379215092
2.5310880039187156,0.027063310296786436,1.6857227422903123,-1.6859399704118192,118,6.645242467085687,1.4186704575008937,6.6544986643522615,1.3932392645209641
2.53922655055511,0.026932650855477757,1.6775841956524278,-1.6778003750138664,118,6.652890199303828,1.421454004387936,6.662101708409558,1.3961455911208402
2.5473650971915047,0.026801991413713658,1.6694456490145262,-1.6696607796159064,118,6.66053793152197,1.4242375512749783,6.669704752466702,1.3990519177211442
2.5555036438278993,0.02667133197148678,1.6613071023766082,-1.661521184217939,118,6.668185663740113,1.4270210981620206,6.677307796523688,1.4019582443218832
2.563642190464294,0.026540672528789694,1.653168555738673,-1.6533815888199639,118,6.6758333959582545,1.429804645049063,6.68491084058051,1.404864570923064
2.5717807371006884,0.02641001308561486,1.6450300091007208,-1.6452419934219813,118,6.683481128176396,1.4325881919361052,6.692513884637171,1.4077708975246936
2.579919283737083,0.02627935364195462,1.6368914624627513,-1.6371023980239907,118,6.691128860394539,1.4353717388231475,6.700116928693666,1.4106772241267795
2.5880578303734776,0.026148694197801227,1.6287529158247644,-1.6289628026259924,118,6.69877659261268,1.4381552857101898,6.707719972749992,1.4135835507293286
2.596196377009872,0.02601803475314684,1.6206143691867612,-1.620823207227986,118,6.706424324830822,1.440938832597232,6.7153230168061455,1.4164898773323487
2.6043349236462667,0.025887375307983497,1.61247582254874,-1.6126836118299714,118,6.7140720570489645,1.4437223794842744,6.722926060862126,1.419396203935847
2.6124734702826613,0.025756715862303135,1.6043372759107009,-1.6045440164319484,118,6.721719789267106,1.4465059263713167,6.730529104917929,1.4223025305398311
2.620612016919056,0.02562605641609758,1.5961987292726447,-1.596404421033917,118,6.729367521485248,1.449289473258359,6.738132148973553,1.4252088571443087
2.6287505635554504,0.025495396969358534,1.5880601826345706,-1.5882648256358771,118,6.73701525370339,1.4520730201454013,6.745735193028995,1.4281151837492876
2.636889110191845,0.025364737522077605,1.5799216359964792,-1.5801252302378286,118,6.744662985921532,1.4548565670324436,6.753338237084251,1.4310215103547759
2.6450276568282396,0.025234078074246276,1.5717830893583693,-1.5719856348397712,118,6.7523107181396735,1.457640113919486,6.760941281139319,1.4339278369607813
2.653166203464634,0.025103418625855908,1.563644542720242,-1.5638460394417049,118,6.759958450357816,1.4604236608065282,6.7685443251941955,1.4368341635673119
2.6613047501010287,0.024972759176897747,1.5555059960820963,-1.5557064440436292,118,6.767606182575958,1.4632072076935705,6.776147369248878,1.4397404901743762
2.6694432967374233,0.02484209972736292,1.547367449443933,-1.5475668486455445,118,6.775253914794099,1.4659907545806128,6.783750413303363,1.4426468167819821
2.677581843373818,0.024711440277242428,1.5392289028057509,-1.5394272532474502,118,6.782901647012242,1.468774301467655,6.791353457357648,1.4455531433901387
2.6857203900102125,0.024580780856003535,1.5310903562570277,-1.5312876578498196,117,6.7905493792303835,1.4715578483546974,6.79895650142181,1.4484594699711553
2.693858936646607,0.024450121435462695,1.522951809622741,-1.5231480624522002,117,6.798197111448525,1.4743413952417397,6.806559545486212,1.451365796551516
2.7019974832830016,0.024319462014292303,1.5148132629844555,-1.5150084670545707,117,6.805844843666668,1.477124942128782,6.814162589550399,1.4542721231324682
2.710136029919396,0.024188802592420462,1.5066747163459655,-1.50686887165693,117,6.81349257588481,1.4799084890158243,6.821765633614346,1.4571784497140798
2.7182745765557907,0.02405814316983355,1.4985361697074462,-1.4987292762592779,117,6.821140308102951,1.4826920359028666,6.829368677678047,1.4600847762963631
2.7264131231921853,0.02392748374652051,1.4903976230689056,-1.490589680861614,117,6.828788040321093,1.4854755827899089,6.836971721741501,1.4629911028793288
2.73455166982858,0.02379682432247025,1.4822590764303438,-1.4824500854639382,117,6.836435772539236,1.4882591296769514,6.844574765804703,1.4658974294629874
2.7426902164649745,0.02366616489767151,1.4741205297917614,-1.4743104900662505,117,6.844083504757377,1.4910426765639937,6.852177809867647,1.4688037560473493
2.750828763101369,0.023535505472112896,1.4659819831531578,-1.4661708946685506,117,6.851731236975519,1.493826223451036,6.859780853930333,1.4717100826324252
2.7589673097377636,0.023404846045782846,1.4578434365145325,-1.4580312992708382,117,6.859378969193662,1.4966097703380783,6.867383897992756,1.474616409218226
2.767105856374158,0.023274186618669607,1.4497048898758862,-1.4498917038731134,117,6.867026701411803,1.4993933172251206,6.8749869420549095,1.4775227358047627
2.7752444030105528,0.023143527190761293,1.4415663432372186,-1.4417521084753757,117,6.874674433629945,1.502176864112163,6.882589986116791,1.4804290623920464
2.7833829496469473,0.023012867762045825,1.4334277965985291,-1.4336125130776252,117,6.8823221658480875,1.5049604109992052,6.890193030178398,1.4833353889800889
2.791521496283342,0.022882208332510954,1.4252892499598182,-1.4254729176798615,117,6.889969898066229,1.5077439578862475,6.897796074239722,1.4862417155689012
2.7996600429197365,0.022751548902144255,1.417150703321086,-1.4173333222820845,117,6.897617630284371,1.5105275047732898,6.905399118300763,1.489148042158495
2.807798589556131,0.022620889470933124,1.409012156682331,-1.4091937268842938,117,6.905265362502513,1.5133110516603323,6.913002162361516,1.4920543687488828
2.8159371361925256,0.022490230038864762,1.4008736100435542,-1.4010541314864893,117,6.912913094720655,1.5160945985473746,6.920605206421975,1.4949606953400758
2.82407568282892,0.02235957060592618,1.3927350634047555,-1.392914536088671,117,6.920560826938797,1.518878145434417,6.928208250482136,1.4978670219320867
2.8322142294653148,0.022228911172104224,1.3845965167659346,-1.3847749406908385,117,6.928208559156939,1.5216616923214592,6.935811294541995,1.5007733485249275
2.8403527761017093,0.022098251737385517,1.3764579701270914,-1.3766353452929916,117,6.935856291375081,1.5244452392085015,6.943414338601548,1.503679675118611
2.848491322738104,0.021967592301756503,1.3683194234882257,-1.36849574989513,117,6.943504023593222,1.5272287860955438,6.951017382660789,1.5065860017131498
2.8566298693744985,0.02183693286520341,1.3601808768493373,-1.3603561544972536,117,6.951151755811365,1.530012332982586,6.9586204267197145,1.5094923283085573
2.864768416010893,0.021706273427712273,1.3520423302104263,-1.352216559099362,117,6.9587994880295065,1.5327958798696284,6.966223470778319,1.512398654904846
2.8729069626472876,0.021575613989268903,1.3439037835714929,-1.3440769637014554,117,6.966447220247648,1.5355794267566707,6.973826514836597,1.5153049815020294
2.881045509283682,0.02144495454985891,1.3357652369325366,-1.3359373683035332,117,6.974094952465791,1.538362973643713,6.981429558894546,1.5182113081001214
2.8891840559200768,0.02131429510946769,1.3276266902935567,-1.3277977729055952,117,6.981742684683932,1.5411465205307553,6.989032602952158,1.5211176346991353
2.8973226025564713,0.02118363566808039,1.3194881436545542,-1.3196581775076413,117,6.989390416902074,1.5439300674177976,6.9966356470094295,1.5240239612990854
2.905461149192866,0.021052976225681957,1.3113495970155287,-1.311518582109671,117,6.9970381491202165,1.54671361430484,7.004238691066356,1.5269302878999853
2.9135996958292605,0.020922316782257096,1.3032110503764793,-1.3033789867116843,117,7.004685881338359,1.5494971611918822,7.011841735122932,1.52983661450185
2.921738242465655,0.020791657337790287,1.295072503737407,-1.2952393913136808,117,7.0123336135565,1.5522807080789245,7.019444779179149,1.5327429411046938
2.9298767891020496,0.020660997892265755,1.2869339570983107,-1.2870997959156605,117,7.019981345774642,1.5550642549659668,7.027047823235006,1.5356492677085314
2.938015335738444,0.020530338445667498,1.278795410459191,-1.2789602005176228,117,7.027629077992785,1.557847801853009,7.034650867290496,1.5385555943133782
2.9461538823748388,0.020399678997979245,1.2706568638200475,-1.2708206051195676,117,7.035276810210926,1.5606313487400514,7.042253911345613,1.541461920919249
2.9542924290112333,0.020269019549184492,1.2625183171808798,-1.2626810097214947,117,7.042924542429068,1.5634148956270937,7.049856955400351,1.5443682475261598
2.962430975647628,0.020138360099266457,1.2543797705416888,-1.2545414143234037,117,7.050572274647211,1.566198442514136,7.057459999454705,1.5472745741341258
2.9705695222840225,0.020007700648208112,1.2462412239024732,-1.2464018189252946,117,7.058220006865352,1.5689819894011783,7.06506304350867,1.5501809007431637
2.978708068920417,0.019877041195992134,1.2381026772632333,-1.2382622235271667,117,7.065867739083494,1.5717655362882206,7.072666087562237,1.5530872273532892
2.9868466155568116,0.019746381742600946,1.2299641306239693,-1.23012262812902,117,7.073515471301636,1.5745490831752629,7.080269131615404,1.555993553964519
2.994985162193206,0.019615722324869012,1.2218255840740715,-1.2219830327314458,116,7.081163203519778,1.5773326300623054,7.087872175680766,1.5588998805422405
3.003123708829601,0.01948506290717166,1.21368703743776,-1.213843437333872,116,7.08881093573792,1.5801161769493477,7.09547521974614,1.5618062071199292
3.0112622554659954,0.019354403488143886,1.2055484907981808,-1.2057038419362769,116,7.096458667956062,1.58289972383639,7.10307826381106,1.564712533698868
3.01940080210239,0.019223744067714328,1.1974099441584536,-1.1975642465386593,116,7.104106400174204,1.5856832707234323,7.1106813078755,1.5676188602791243
3.0275393487387845,0.01909308464585987,1.1892713975186942,-1.189424651141019,116,7.111754132392345,1.5884668176104746,7.118284351939452,1.5705251868607193
3.035677895375179,0.018962425222558837,1.1811328508789067,-1.1812850557433552,116,7.119401864610488,1.591250364497517,7.12588739600291,1.5734315134436738
3.0438164420115736,0.018831765797789293,1.1729943042390913,-1.173145460345668,116,7.12704959682863,1.5940339113845592,7.133490440065865,1.5763378400280081
3.051954988647968,0.01870110637152891,1.164855757599248,-1.1650058649479567,116,7.134697329046771,1.5968174582716015,7.1410934841283105,1.5792441666137433
3.060093535284363,0.018570446943755016,1.1567172109593764,-1.1568662695502212,116,7.142345061264914,1.5996010051586438,7.148696528190238,1.582150493200901
3.0682320819207574,0.018439787514444556,1.1485786643194766,-1.148726674152461,116,7.149992793483055,1.602384552045686,7.1562995722516405,1.5850568197895025
3.076370628557152,0.01830912808357408,1.1404401176795482,-1.140587078754676,116,7.157640525701197,1.6051680989327284,7.163902616312509,1.5879631463795698
3.0845091751935465,0.01817846865111976,1.1323015710395916,-1.1324474833568654,116,7.1652882579193395,1.6079516458197707,7.171505660372837,1.5908694729711255
3.092647721829941,0.01804780921705736,1.124163024399606,-1.124307887959029,116,7.172935990137482,1.610735192706813,7.179108704432615,1.5937757995641924
3.1007862684663356,0.017917149781362218,1.1160244777595916,-1.1161682925611662,116,7.180583722355623,1.6135187395938553,7.186711748491832,1.5966821261587933
3.10892481510273,0.017786490344009268,1.1078859311195481,-1.108028697163277,116,7.188231454573765,1.6163022864808976,7.194314792550484,1.5995884527549522
3.117063361739125,0.017655830904973007,1.0997473844794756,-1.0998891017653607,116,7.195879186791908,1.6190858333679399,7.20191783660856,1.602494779352693
3.1252019083755194,0.017525171464227485,1.0916088378393738,-1.091749506367417,116,7.203526919010049,1.6218693802549822,7.209520880666051,1.6054011059520399
3.133340455011914,0.01739451202174631,1.0834702911992429,-1.0836099109694455,116,7.211174651228191,1.6246529271420245,7.217123924722949,1.6083074325530178
3.1414790016483085,0.017263852577502622,1.0753317445590822,-1.0754703155714456,116,7.218822383446334,1.627436474029067,7.224726968779244,1.611213759155652
3.149617548284703,0.017133193131469094,1.0671931979188918,-1.067330720173417,116,7.226470115664475,1.6302200209161093,7.232330012834927,1.614120085759968
3.1577560949210977,0.017002533683617913,1.0590546512786716,-1.0591911247753591,116,7.234117847882617,1.6330035678031516,7.239933056889988,1.617026412365992
3.1658946415574922,0.016871874233920777,1.0509161046384214,-1.0510515293772718,116,7.241765580100759,1.6357871146901939,7.2475361009444175,1.6199327389737506
3.174033188193887,0.016741214782348867,1.0427775579981413,-1.0429119339791544,116,7.249413312318901,1.6385706615772362,7.255139144998206,1.622839065583271
3.1821717348302814,0.01661055532887286,1.0346390113578312,-1.0347723385810064,116,7.257061044537043,1.6413542084642785,7.262742189051343,1.6257453921945806
3.190310281466676,0.016479895873462894,1.02650046471749,-1.0266327431828273,116,7.264708776755185,1.6441377553513208,7.270345233103819,1.6286517188077076
3.1984488281030705,0.016349236460339683,1.0183619181667005,-1.018493147785327,115,7.272356508973327,1.646921302238363,7.277948277170758,1.631558045381098
3.206587374739465,0.016218577046391035,1.010223371528648,-1.0103535523878133,115,7.2800042411914685,1.6497048491254054,7.2855513212374134,1.634464371955264
3.2147259213758597,0.016087917630213982,1.0020848248878136,-1.002213956990264,115,7.287651973409611,1.6524883960124477,7.293154365303308,1.6373706985315242
3.2228644680122542,0.01595725821172964,0.9939462782468593,-0.9940743615926776,115,7.295299705627753,1.65527194289949,7.300757409368413,1.6402770251099523
3.231003014648649,0.015826598790900204,0.9858077316058679,-0.9859347661950536,115,7.302947437845894,1.6580554897865323,7.308360453432716,1.6431833516905843
3.2391415612850434,0.0156959393676885,0.9776691849648419,-0.9777951707973914,115,7.310595170064037,1.6608390366735746,7.315963497496204,1.6460896782734546
3.247280107921438,0.015565279942056701,0.9695306383237812,-0.9696555753996904,115,7.318242902282178,1.6636225835606169,7.323566541558865,1.6489960048585992
3.2554186545578325,0.015434620513966244,0.9613920916826855,-0.9615159800019498,115,7.32589063450032,1.6664061304476592,7.331169585620684,1.6519023314460544
3.263557201194227,0.015303961083377842,0.9532535450415548,-0.9533763846041692,115,7.333538366718463,1.6691896773347015,7.33877262968165,1.6548086580358565
3.2716957478306217,0.015173301650251447,0.9451149984003887,-0.9452367892063478,115,7.341186098936605,1.6719732242217438,7.346375673741748,1.657714984628044
3.2798342944670162,0.015042642214546232,0.9369764517591875,-0.937097193808485,115,7.348833831154746,1.674756771108786,7.3539787178009615,1.6606213112226544
3.287972841103411,0.014911982776220582,0.9288379051179507,-0.9289575984105801,115,7.356481563372888,1.6775403179958284,7.361581761859282,1.6635276378197272
3.2961113877398054,0.014781323335232056,0.9206993584766784,-0.9208180030126325,115,7.364129295591031,1.6803238648828709,7.3691848059166905,1.6664339644193027
3.3042499343762,0.014650663891537376,0.91256081183537,-0.9126784076146415,115,7.371777027809172,1.6831074117699132,7.376787849973171,1.669340291021421
3.3123884810125945,0.014520004445092402,0.9044222651940258,-0.9045388122166063,115,7.379424760027314,1.6858909586569555,7.384390894028714,1.6722466176261235
3.320527027648989,0.014389344995852104,0.8962837185526453,-0.8963992168185262,115,7.387072492245457,1.6886745055439978,7.3919939380833,1.675152944233453
3.3286655742853837,0.01425868554377054,0.8881451719112284,-0.8882596214204005,115,7.394720224463598,1.69145805243104,7.399596982136915,1.6780592708434523
3.3368041209217782,0.014128026088800835,0.8800066252697751,-0.8801200260222285,115,7.40236795668174,1.6942415993180824,7.407200026189541,1.6809655974561655
3.344942667558173,0.013997366630895148,0.8718680786282852,-0.8719804306240093,115,7.4100156888998825,1.6970251462051247,7.414803070241163,1.6838719240716375
3.3530812141945674,0.013866707222148514,0.8637295320764162,-0.8638408352265793,114,7.417663421118024,1.699808693092167,7.422406114309599,1.6867782506409155
3.361219760830962,0.013736047811429055,0.8555909854366612,-0.8557012398291176,114,7.425311153336166,1.7025922399792093,7.430009158377359,1.689684577212047
3.3693583074673565,0.013605388397294072,0.8474524387945036,-0.8475616444316011,114,7.432958885554308,1.7053757868662516,7.437612202443952,1.6925909037863882
3.377496854103751,0.013474728979648427,0.8393138921522415,-0.8394220490340282,114,7.44060661777245,1.7081593337532939,7.445215246509344,1.6954972303640283
3.3856354007401457,0.013344069558432014,0.8311753455099365,-0.831282453636398,114,7.4482543499905915,1.7109428806403362,7.452818290573514,1.6984035569450238
3.3937739473765403,0.01321341013358444,0.8230367988675897,-0.8231428582387095,114,7.455902082208734,1.7137264275273785,7.460421334636443,1.7013098835294314
3.401912494012935,0.01308275070504402,0.8148982522252012,-0.8150032628409617,114,7.463549814426876,1.7165099744144208,7.468024378698109,1.7042162101173093
3.4100510406493294,0.012952091272747728,0.8067597055827704,-0.8068636674431536,114,7.471197546645017,1.719293521301463,7.47562742275849,1.7071225367087164
3.418189587285724,0.012821431836631135,0.7986211589402976,-0.7987240720452843,114,7.47884527886316,1.7220770681885054,7.483230466817565,1.7100288633037135
3.4263281339221185,0.012690772396628393,0.7904826122977824,-0.7905844766473525,114,7.4864930110813015,1.7248606150755477,7.4908335108753095,1.7129351899023624
3.434466680558513,0.012560112952672165,0.7823440656552246,-0.7824448812493573,114,7.494140743299443,1.72764416196259,7.498436554931702,1.7158415165047265
3.4426052271949077,0.012429453504693596,0.774205519012624,-0.7743052858512975,114,7.501788475517586,1.7304277088496325,7.506039598986721,1.7187478431108705
3.4507437738313023,0.012298794052622254,0.7660669723699804,-0.7661656904531721,114,7.509436207735727,1.7332112557366748,7.513642643040338,1.72165416972086
3.458882320467697,0.012168134596386083,0.7579284257272938,-0.7580260950549798,114,7.517083939953869,1.735994802623717,7.521245687092531,1.7245604963347634
3.4670208671040914,0.012037475135911361,0.7497898790845636,-0.7498864996567194,114,7.524731672172011,1.7387783495107594,7.528848731143275,1.7274668229526495
3.475159413740486,0.011906815731801133,0.7416513325315142,-0.7417469042593637,113,7.532379404390154,1.7415618963978017,7.536451775213297,1.7303731495175705
3.4832979603768806,0.01177615632421665,0.733512785890038,-0.7336073088619524,113,7.540027136608295,1.744345443284844,7.544054819282128,1.7332794760857564
3.491436507013275,0.011645496911668022,0.7253742392464623,-0.7254677134644613,113,7.547674868826437,1.7471289901718863,7.551657863349265,1.7361858026586068
3.4995750536496697,0.011514837494032558,0.7172356926027909,-0.7173281180668886,113,7.55532260104458,1.7499125370589286,7.559260907414661,1.7390921292362373
3.5077136002860643,0.011384178071217162,0.7090971459590694,-0.7091885226692327,113,7.5629703332627205,1.7526960839459709,7.566863951478283,1.7419984558187354
3.515852146922459,0.011253518643127191,0.7009585993152985,-0.7010489272714922,113,7.570618065480863,1.7554796308330132,7.574466995540104,1.7449047824061898
3.5239906935588534,0.011122859209665673,0.6928200526714785,-0.6929093318736654,113,7.5782657976990055,1.7582631777200555,7.582070039600087,1.747811108998692
3.532129240195248,0.0109921997707332,0.6846815060276087,-0.6847697364757509,113,7.585913529917147,1.7610467246070978,7.589673083658198,1.7507174355963353
3.5402677868316426,0.010861540326227832,0.6765429593836891,-0.6766301410777469,113,7.593561262135289,1.76383027149414,7.5972761277144025,1.7536237621992152
3.548406333468037,0.010730880876045023,0.6684044127397195,-0.6684905456796517,113,7.601208994353431,1.7666138183811824,7.604879171768667,1.7565300888074302
3.5565448801044317,0.0106002214200775,0.6602658660956996,-0.6603509502814636,113,7.608856726571573,1.7693973652682247,7.612482215820951,1.759436415421081
3.5646834267408263,0.010469561958215187,0.6521273194516293,-0.6522113548831809,113,7.616504458789715,1.772180912155267,7.62008525987122,1.7623427420402713
3.572821973377221,0.010338902490345086,0.6439887728075082,-0.6440717594848019,113,7.624152191007857,1.7749644590423093,7.627688303919435,1.765249068665107
3.5809605200136154,0.0102082430865049,0.6358502262524333,-0.6359321640874506,112,7.631799923225999,1.7777480059293516,7.635291347989549,1.7681553952297742
3.58909906665001,0.010077583677127272,0.6277116796090949,-0.6277925686900104,112,7.63944765544414,1.7805315528163939,7.642894392057768,1.771061721799645
3.5972376132864046,0.009946924260669716,0.6195731329639358,-0.6196529732924566,112,7.647095387662283,1.7833150997034364,7.650497436123567,1.7739680483761686
3.605376159922799,0.009816264836964109,0.611434586318685,-0.6115133778947864,112,7.6547431198804246,1.7860986465904787,7.658100480186886,1.7768743749595033
3.6135147065591937,0.009685605405865974,0.6032960396733761,-0.6033737824969976,112,7.662390852098566,1.788882193477521,7.665703524247676,1.7797807015497846
3.6216532531955883,0.009554945967227283,0.5951574930280099,-0.5952341870990877,112,7.670038584316709,1.7916657403645633,7.673306568305889,1.7826870281471516
3.629791799831983,0.009424286520895768,0.5870189463825861,-0.5870945917010544,112,7.67768631653485,1.7944492872516056,7.680909612361469,1.7855933547517477
3.6379303464683774,0.00929362706671472,0.5788803997371043,-0.578954996302895,112,7.685334048752992,1.7972328341386479,7.688512656414365,1.78849968136372
3.646068893104772,0.009162967604522803,0.5707418530915643,-0.5708154009046071,112,7.6929817809711345,1.8000163810256902,7.696115700464522,1.7914060079832197
3.6542074397411666,0.00903230813415386,0.5626033064459657,-0.5626758055061879,112,7.700629513189277,1.8027999279127325,7.703718744511882,1.7943123346104035
3.662345986377561,0.008901648735807245,0.5544647598894819,-0.5545362101089248,111,7.708277245407418,1.8055834747997748,7.711321788583874,1.7972186611699086
3.6704845330139557,0.00877098932939228,0.5463262132442646,-0.5463966147115322,111,7.71592497762556,1.808367021686817,7.718924832653107,1.8001249877369951
3.6786230796503503,0.008640329913286789,0.5381876665974292,-0.5382570193139841,111,7.723572709843703,1.8111505685738594,7.726527876719026,1.803031314313188
3.686761626286745,0.008509670487257173,0.5300491199505013,-0.5301174239162766,111,7.731220442061844,1.8139341154609017,7.734130920781549,1.8059376408987065
3.6949001729231394,0.008379011051087602,0.5219105733035071,-0.5219778285184064,111,7.738868174279986,1.816717662347944,7.7417339648406065,1.8088439674937533
3.703038719559534,0.008248351604555684,0.513772026656447,-0.5138382331203698,111,7.746515906498129,1.8195012092349863,7.749337008896119,1.8117502940985377
3.7111772661959286,0.008117692147431712,0.5056334800093201,-0.5056986377221632,111,7.75416363871627,1.8222847561220286,7.756940052948009,1.8146566207132753
3.719315812832323,0.007987032679478296,0.49749493336212663,-0.49755904232378273,111,7.761811370934412,1.8250683030090709,7.764543096996194,1.8175629473381891
3.7274543594687177,0.007856373200449995,0.48935638671486614,-0.4894194469252245,111,7.769459103152554,1.8278518498961132,7.772146141040592,1.8204692739735102
3.7355929061051123,0.007725713710092908,0.48121784006753837,-0.4812798515264844,111,7.777106835370696,1.8306353967831555,7.779749185081115,1.8233756006194766
3.743731452741507,0.007595054208144242,0.47307929342014315,-0.4731402561275582,111,7.784754567588838,1.833418943670198,7.7873522291176736,1.826281927276336
3.7518699993779014,0.007464394694331866,0.46494074677267994,-0.46500066072844165,111,7.79240229980698,1.8362024905572403,7.794955273150175,1.8291882539443431
3.760008546014296,0.007333735168373795,0.45680220012514866,-0.4568610653291301,111,7.800050032025122,1.8389860374442826,7.802558317178521,1.8320945806237636
3.7681470926506906,0.007203075629977684,0.44866365347754894,-0.4487214699296189,111,7.8076977642432634,1.8417695843313249,7.810161361202614,1.835000907314872
3.776285639287085,0.007072416078840249,0.4405251068298805,-0.44058187452990316,111,7.815345496461406,1.8445531312183672,7.817764405222349,1.8379072340179534
3.7844241859234797,0.00694175651464667,0.4323865601821431,-0.43244227912997785,111,7.822993228679548,1.8473366781054095,7.825367449237619,1.8408135607333036
3.7925627325598743,0.0068110969370699295,0.42424801353433633,-0.4243026837298377,111,7.830640960897689,1.8501202249924518,7.832970493248311,1.8437198874612297
3.800701279196269,0.006680437345770114,0.41610946688646,-0.41616308832947724,111,7.838288693115832,1.852903771879494,7.84057353725431,1.8466262142020513
3.8088398258326635,0.006549777740393652,0.4079709202385137,-0.40802349292889084,111,7.845936425333973,1.8556873187665364,7.848176581255494,1.8495325409561008
3.816978372469058,0.006419118120572498,0.3998323735904974,-0.3998838975280726,111,7.853584157552115,1.8584708656535787,7.855779625251738,1.8524388677237236
3.8251169191054526,0.006288458485923248,0.39169382694241045,-0.3917443021270163,111,7.8612318897702576,1.861254412540621,7.8633826692429105,1.8553451945052803
3.833255465741847,0.006157798836046178,0.38355528029425273,-0.38360470672571556,111,7.868879621988399,1.8640379594276633,7.870985713228874,1.8582515213011466
3.8413940123782417,0.006027139170524207,0.37541673364602396,-0.37546511132416366,111,7.876527354206541,1.8668215063147056,7.878588757209488,1.8611578481117144
3.8495325590146363,0.005896479488921752,0.3672781869977238,-0.36732551592235363,111,7.884175086424683,1.8696050532017479,7.8861918011846015,1.8640641749373925
3.857671105651031,0.00576581979078352,0.3591396403493521,-0.3591859205202782,111,7.891822818642826,1.8723886000887902,7.893794845154059,1.8669705017786096
3.8658096522874255,0.0056351600756331536,0.3510010937009082,-0.35104632511792966,111,7.899470550860967,1.8751721469758325,7.901397889117698,1.8698768286358127
3.87394819892382,0.005504500342971753,0.34286254705239205,-0.3429067297153,111,7.907118283079109,1.8779556938628748,7.909000933075348,1.8727831555094707
3.8820867455602146,0.005373840592276287,0.3347240004038033,-0.33476713431238087,111,7.914766015297252,1.880739240749917,7.916603977026831,1.8756894824000752
3.890225292196609,0.00524318082299782,0.32658545375514164,-0.32662753890916346,111,7.922413747515393,1.8835227876369596,7.9242070209719575,1.8785958093081423
3.8983638388330037,0.005112521034559574,0.31844690710640683,-0.31848794350563847,111,7.930061479733535,1.8863063345240019,7.931810064910531,1.8815021362342135
3.9065023854693983,0.004981861226354793,0.3103083604575984,-0.3103483481017962,111,7.9377092119516774,1.8890898814110442,7.939413108842344,1.8844084631788591
3.914640932105793,0.004851201397744381,0.30216981380871616,-0.30220875269762637,111,7.945356944169819,1.8918734282980865,7.947016152767177,1.8873147901426799
3.9227794787421875,0.00472054154805428,0.29403126715975975,-0.29406915729311817,111,7.953004676387961,1.8946569751851288,7.954619196684801,1.8902211171263088
3.930918025378582,0.004589881676572571,0.2858927205107289,-0.28592956188826013,111,7.960652408606103,1.897440522072171,7.962222240594972,1.8931274441304153
3.9390565720149766,0.004459221782546237,0.27775417386162315,-0.2777899664830402,111,7.968300140824245,1.9002240689592134,7.969825284497432,1.896033771155707
3.947195118651371,0.004328561865177535,0.2696156272124423,-0.2696503710774456,111,7.9759478730423865,1.9030076158462557,7.977428328391909,1.898940098202933
3.9553336652877658,0.0041979019236199535,0.261477080563186,-0.2615107756714627,111,7.983595605260529,1.905791162733298,7.9850313722781125,1.9018464252728893
3.9634722119241603,0.0040672419569736445,0.2533385339138539,-0.25337118026507705,111,7.991243337478671,1.9085747096203403,7.9926344161557346,1.9047527523664214
3.971610758560555,0.003936581964280283,0.2451999872644457,-0.2452315848582733,111,7.998891069696812,1.9113582565073826,8.000237460024449,1.9076590794844295
3.9797493051969495,0.0038059218545202465,0.23706144057144138,-0.23709198944959034,112,8.006538801914955,1.9141418033944249,8.007840503853124,1.9105654067124445
3.987887851833344,0.0036752617187182715,0.22892289392287168,-0.22895239404048934,112,8.014186534133096,1.9169253502814672,8.015443547672891,1.9134717339649308
3.9960263984697386,0.003544601556553361,0.22078434727457502,-0.22081279863096515,112,8.021834266351238,1.9197088971685095,8.023046591483643,1.9163780612421901
4.004164945106133,0.0034139413668979987,0.21264580062621058,-0.21267320322099967,112,8.02948199856938,1.9224924440555518,8.030649635284993,1.919284388545282
4.012303491742528,0.003283281148531533,0.20450725397777544,-0.2045336078105733,112,8.037129730787523,1.925275990942594,8.038252679076523,1.9221907158753535
4.020442038378922,0.003152620900135292,0.19636870732926937,-0.19639401239966492,112,8.044777463005664,1.9280595378296363,8.04585572285778,1.9250970432336438
4.028580585015317,0.0030219606202804275,0.18823016068069184,-0.18825441698825152,112,8.052425195223806,1.9308430847166786,8.05345876662828,1.9280033706214956
4.0367191316517115,0.002891300307413603,0.18009161403204263,-0.1801148215763082,112,8.060072927441949,1.933626631603721,8.061061810387487,1.9309096980403684
4.044857678288106,0.0027606399598400877,0.17195306738332136,-0.17197522616380775,112,8.06772065966009,1.9364101784907635,8.068664854134825,1.933816025491855
4.052996224924501,0.0026299795757036464,0.16381452073452765,-0.16383563075072038,112,8.075368391878232,1.9391937253778058,8.076267897869657,1.9367223529776993
4.061134771560895,0.00249931915296243,0.15567597408566117,-0.15569603533701332,112,8.083016124096375,1.941977272264848,8.083870941591288,1.9396286804998204
4.06927331819729,0.0023686586893597993,0.14753742743672146,-0.14755643992265033,112,8.090663856314515,1.9447608191518904,8.09147398529894,1.9425350080603385
4.077411864833684,0.0022379981823887124,0.13939888078770815,-0.13941684450759118,112,8.098311588532658,1.9475443660389327,8.099077028991761,1.9454413356616098
4.085550411470079,0.00210733762924777,0.13126033413862073,-0.13127724909179087,112,8.1059593207508,1.950327912925975,8.10668007266879,1.9483476633062664
4.0936889581064735,0.0019766770267863254,0.1231217874894588,-0.12313765367519885,112,8.113607052968941,1.9531114598130173,8.11428311632895,1.951253990997269
4.101827504742868,0.0018460163714350433,0.1149832408402218,-0.11499805825775783,112,8.121254785187084,1.9558950067000596,8.121886159971023,1.9541603187379721
4.109966051379263,0.001715355659116733,0.10684469419090911,-0.10685846283940234,112,8.128902517405226,1.9586785535871019,8.129489203593613,1.9570666465322064
4.118104598015657,0.001584694885129917,0.09870614754152011,-0.09871886742005692,112,8.136550249623369,1.9614621004741442,8.137092247195108,1.9599729743843903
4.126243144652052,0.0014540340439938436,0.09056760089205401,-0.09057927199963359,112,8.14419798184151,1.9642456473611865,8.144695290773637,1.962879302299674
4.134381691288446,0.0013233731292375398,0.08242905424250986,-0.08243967657802846,112,8.151845714059652,1.9670291942482288,8.152298334326987,1.9657856302841379
4.142520237924841,0.0011927121331051264,0.07429050759288654,-0.07430008115511705,112,8.159493446277793,1.969812741135271,8.159901377852504,1.9686919583450704
4.1506587845612355,0.001062051046131254,0.06615196094318254,-0.0661604857307474,112,8.167141178495935,1.9725962880223133,8.167504421346953,1.971598286491366
4.15879733119763,0.0009313898565062068,0.05801341429339585,-0.058020890304729934,112,8.174788910714078,1.9753798349093556,8.175107464806292,1.9745046147341219
4.166935877834025,0.0008007285490819619,0.04987486764352364,-0.04988129487682149,112,8.18243664293222,1.978163381796398,8.182710508225343,1.977410943087573
4.175074424470419,0.0006700671037235569,0.04173632099356168,-0.04174169944669885,112,8.190084375150361,1.9809469286834402,8.190313551597214,1.9803172715706399
4.183212971106814,0.0005394054923604926,0.03359777434350309,-0.03360210401391141,112,8.197732107368504,1.9837304755704825,8.19791659491231,1.9832236002097
4.191351517743208,0.0004087435825643694,0.025459227687334208,-0.025462508576333337,113,8.205379839586644,1.986514022457525,8.205519638125336,1.9861299291291958
4.199490064379603,0.0002780814234294182,0.01732068103842032,-0.017322913134752718,113,8.213027571804787,1.9892975693445674,8.213122681253084,1.989036258282993
4.2076286110159975,0.00014741889316028148,0.009182134389347996,-0.0091833176872144,113,8.22067530402293,1.9920811162316097,8.220725724253898,1.9919425877855426
4.215767157652392,1.6755646166485422e-05,0.0010435877399743328,-0.001043722228170679,113,8.228323036241072,1.994864663118652,8.228328767009575,1.994848917961593
