eta,xi,pressure_coefficient,potential,normal_derivative,segment
-0.9838231681499765,0.04444548022625379,7.521776328767281,-3.279545395122704,-0.9396926207859084,body
-0.9514695044499297,0.13333644067876113,7.5372754112286415,-3.309097080780321,-0.9396926207859084,body
-0.919115840749883,0.2222274011312685,7.546252052235885,-3.329360552353115,-0.9396926207859084,body
-0.886762177049836,0.31111836158377604,7.555951096417994,-3.3444651591997667,-0.9396926207859084,body
-0.8544085133497892,0.40000932203628337,7.568251704474039,-3.355450724178242,-0.9396926207859084,body
-0.8220548496497424,0.4889002824887907,7.5833980599739235,-3.362833887133453,-0.9396926207859084,body
-0.7897011859496954,0.5777912429412984,7.601491999222242,-3.3669216208794017,-0.9396926207859084,body
-0.7573475222496486,0.6666822033938056,7.622607813256729,-3.367913795888168,-0.9396926207859084,body
-0.7249938585496019,0.755573163846313,7.64681849016642,-3.365947335069105,-0.9396926207859084,body
-0.6926401948495549,0.8444641242988206,7.6742047333973735,-3.3611183450330278,-0.9396926207859084,body
-0.660286531149508,0.9333550847513279,7.704859367302712,-3.353494354796905,-0.9396926207859084,body
-0.6279328674494612,1.0222460452038353,7.738890244776374,-3.343121559932876,-0.9396926207859084,body
-0.5955792037494143,1.1111370056563428,7.776422632855805,-3.3300293180918885,-0.9396926207859084,body
-0.5632255400493674,1.2000279661088502,7.817601467867672,-3.3142330238399147,-0.9396926207859084,body
-0.5308718763493206,1.2889189265613576,7.862593687942096,-3.2957359688985095,-0.9396926207859084,body
-0.49851821264927376,1.377809887013865,7.911590786807024,-3.2745305303645997,-0.9396926207859084,body
-0.4661645489492269,1.4667008474663725,7.964811711098232,-3.250598887588128,-0.9396926207859084,body
-0.43381088524918004,1.5555918079188797,8.022506220442066,-3.2239133875684187,-0.9396926207859084,body
-0.40145722154913316,1.6444827683713874,8.084958838173904,-3.194436630151504,-0.9396926207859084,body
-0.36910355784908633,1.7333737288238948,8.152493538816893,-3.162121313333547,-0.9396926207859084,body
-0.3367498941490395,1.822264689276402,8.225479346578616,-3.1269098577707384,-0.9396926207859084,body
-0.3043962304489926,1.9111556497289097,8.304337058797039,-3.088733813695759,-0.9396926207859084,body
-0.2720425667489458,2.000046610181417,8.38954736225985,-3.047513040115966,-0.9396926207859084,body
-0.23968890304889895,2.0889375706339246,8.4816606829222,-3.0031546335566985,-0.9396926207859084,body
-0.20733523934885212,2.1778285310864316,8.58130920691923,-2.955551570245053,-0.9396926207859084,body
-0.17498157564880523,2.2667194915389395,8.689221641837738,-2.904581010113507,-0.9396926207859084,body
-0.14262791194875835,2.355610451991447,8.806241464818738,-2.85010219177451,-0.9396926207859084,body
-0.11027424824871157,2.444501412443954,8.933349646737792,-2.791953822683961,-0.9396926207859084,body
-0.07792058454866463,2.5333923728964614,9.071693176478153,-2.7299508353251154,-0.9396926207859084,body
-0.04556692084861774,2.6222833333489692,9.222621175926045,-2.663880334420481,-0.9396926207859084,body
-0.013213257148571078,2.7111742938014762,9.387731053825485,-2.593496495946259,-0.9396926207859084,body
0.019140406551475864,2.8000652542539837,9.568928083327771,-2.518514086891247,-0.9396926207859084,body
0.05149407025152286,2.888956214706491,9.768503137090805,-2.4386001407864297,-0.9396926207859084,body
0.08384773395156964,2.9778471751589985,9.989235276145672,-2.353363124628558,-0.9396926207859084,body
0.11620139765161652,3.066738135611506,10.234528766222915,-2.262338629138471,-0.9396926207859084,body
0.1485550613516634,3.1556290960640134,10.508598330487928,-2.164970140169822,-0.9396926207859084,body
0.18090872505171018,3.244520056516521,10.816722649339775,-2.060582688099516,-0.9396926207859084,body
0.21326238875175696,3.3334110169690283,11.16559497609584,-1.9483459120458038,-0.9396926207859084,body
0.24561605245180385,3.4223019774215357,11.563811471079172,-1.8272209146762695,-0.9396926207859084,body
0.27796971615185073,3.511192937874043,12.02254988908121,-1.6958814243458198,-0.9396926207859084,body
0.3103233798518975,3.6000838983265506,12.556489224265748,-1.5525925632413182,-0.9396926207859084,body
0.3426770435519444,3.6889748587790576,13.184943641331259,-1.395016275281189,-0.9396926207859084,body
0.3750307072519913,3.7778658192315655,13.932779072586369,-1.219882554448156,-0.9396926207859084,body
0.40738437095203806,3.866756779684073,14.828852177730683,-1.0223981898910945,-0.9396926207859084,body
0.43973803465208494,3.9556477401365804,15.891209440870263,-0.7951008336776099,-0.9396926207859084,body
0.47209169835213194,4.044538700589088,17.045280999559218,-0.5254445328094923,-0.9396926207859084,body
0.5044453620521787,4.133429661041594,17.717431430114043,-0.1904298920078197,-0.9396926207859084,body
0.5367990257522255,4.222320621494102,15.731398902966902,0.2526375978260339,-0.9396926207859084,body
0.554850153659151,4.271915687814067,12.312391464077102,0.5435635608885576,-0.9396926207859084,shallow_jet_body
0.5585987457729549,4.282214860001488,11.213991986831047,0.6157860110583826,-0.9396926207859084,shallow_jet_body
0.5623473378867587,4.292514032188911,10.027286354230299,0.6905559899899593,-0.9396926207859084,shallow_jet_body
0.5660959300005627,4.302813204376333,8.80341823715991,0.7677818953652864,-0.9396926207859084,shallow_jet_body
0.5698445221143666,4.313112376563755,7.582546502701334,0.8473228246944438,-0.9396926207859084,shallow_jet_body
0.5735931142281705,4.323411548751176,6.4062183449214345,0.9289929586541017,-0.9396926207859084,shallow_jet_body
0.5773417063419743,4.3337107209385985,5.3119857120711345,1.0125711558701833,-0.9396926207859084,shallow_jet_body
0.5810902984557783,4.344009893126021,4.328547122587736,1.097814724969929,-0.9396926207859084,shallow_jet_body
0.5848388905695823,4.354309065313442,3.472798176800069,1.1844751163928535,-0.9396926207859084,shallow_jet_body
0.5885874826833861,4.364608237500864,2.7494846388972007,1.2723127288081892,-0.9396926207859084,shallow_jet_body
0.59233607479719,4.374907409688286,2.15317183248807,1.361108440544395,-0.9396926207859084,shallow_jet_body
0.5960846669109939,4.385206581875709,1.6715196213676364,1.4506706216134064,-0.9396926207859084,shallow_jet_body
0.5998332590247979,4.39550575406313,1.2887005491231776,1.5408376962716206,-0.9396926207859084,shallow_jet_body
0.6035818511386017,4.405804926250552,0.9881461641678868,1.6314772686937422,-0.9396926207859084,shallow_jet_body
0.6073304432524056,4.416104098437974,0.7543248665832749,1.7224831540702472,-0.9396926207859084,shallow_jet_body
0.6110790353662096,4.426403270625396,0.5736430669109467,1.8137714959517457,-0.9396926207859084,shallow_jet_body
0.6148276274800135,4.436702442812818,0.4347251603680746,1.9052767811694982,-0.9396926207859084,shallow_jet_body
0.6185762195938174,4.447001615000239,0.32833034437807385,1.9969482020072329,-0.9396926207859084,shallow_jet_body
0.6223248117076212,4.457300787187661,0.2470986293148627,2.0887465512370795,-0.9396926207859084,shallow_jet_body
0.6260734038214252,4.467599959375083,0.18524456277251033,2.1806416776256023,-0.9396926207859084,shallow_jet_body
0.6298219959352291,4.477899131562506,0.13826050436193782,2.2726104520782373,-0.9396926207859084,shallow_jet_body
0.633570588049033,4.488198303749927,0.10265581258454404,2.3646351666151206,-0.9396926207859084,shallow_jet_body
0.6373191801628368,4.498497475937349,0.0757391752371035,2.4567022858853655,-0.9396926207859084,shallow_jet_body
0.6410677722766408,4.508796648124771,0.05544231992664095,2.5488014793142257,-0.9396926207859084,shallow_jet_body
0.6448163643904448,4.519095820312193,0.0401798335778949,2.6409248736502997,-0.9396926207859084,shallow_jet_body
0.6485649565042486,4.529394992499615,0.028738991495885102,2.733066477208098,-0.9396926207859084,shallow_jet_body
0.6523135486180526,4.539694164687036,0.020193841695785864,2.8252217371931403,-0.9396926207859084,shallow_jet_body
0.6560621407318565,4.549993336874459,0.013838563769482448,2.9173871998462686,-0.9396926207859084,shallow_jet_body
0.6598107328456604,4.560292509061881,0.009135978729659655,3.009560249849004,-0.9396926207859084,shallow_jet_body
0.6635593249594642,4.570591681249303,0.005677881786212424,3.1017389107295505,-0.9396926207859084,shallow_jet_body
0.6673079170732683,4.580890853436724,0.0031545541430801904,3.19392169215447,-0.9396926207859084,shallow_jet_body
0.6710565091870722,4.5911900256241465,0.0013313745406975386,3.28610747321648,-0.9396926207859084,shallow_jet_body
0.674805101300876,4.601489197811569,3.090676757722122e-05,3.3782954133295506,-0.9396926207859084,shallow_jet_body
0.67855369341468,4.61178836999899,-0.0008807989440953179,3.470484884276286,-0.9396926207859084,shallow_jet_body
0.6823022855284839,4.622087542186412,-0.0015046678187360385,3.5626754184464664,-0.9396926207859084,shallow_jet_body
0.6860508776422878,4.632386714373834,-0.0019165801756599876,3.6548666694565926,-0.9396926207859084,shallow_jet_body
0.6897994697560917,4.642685886561257,-0.0021734503598622723,3.7470583822274324,-0.9396926207859084,shallow_jet_body
0.6935480618698957,4.652985058748678,-0.0023178520244329093,3.8392503702795246,-0.9396926207859084,shallow_jet_body
0.6972966539836996,4.6632842309361,-0.0023815329973331245,3.9314424985308047,-0.9396926207859084,shallow_jet_body
0.7010452460975035,4.673583403123522,-0.0023880829681530713,4.023634670284015,-0.9396926207859084,shallow_jet_body
0.7047938382113075,4.683882575310944,-0.002354955574446649,4.1158268174004995,-0.9396926207859084,shallow_jet_body
0.7085424303251113,4.694181747498366,-0.002294999114880625,4.208018892894659,-0.9396926207859084,shallow_jet_body
0.7122910224389153,4.704480919685787,-0.002217613541390051,4.3002108653647095,-0.9396926207859084,shallow_jet_body
0.7160396145527193,4.71478009187321,-0.0021296237092514048,4.392402714814464,-0.9396926207859084,shallow_jet_body
0.7197882066665231,4.725079264060632,-0.0020359373260134817,4.484594429527432,-0.9396926207859084,shallow_jet_body
0.7235367987803271,4.7353784362480535,-0.0019400399084332776,4.57678600373534,-0.9396926207859084,shallow_jet_body
0.7272853908941309,4.745677608435475,-0.0018443663569769342,4.668977435885961,-0.9396926207859084,shallow_jet_body
0.7310339830079348,4.755976780622897,-0.0017505792094567596,4.761168727361417,-0.9396926207859084,shallow_jet_body
0.7347825751217387,4.76627595281032,-0.0016597766608015263,4.853359881534791,-0.9396926207859084,shallow_jet_body
0.7385311672355426,4.776575124997741,-0.0015726475620994051,4.945550903080213,-0.9396926207859084,shallow_jet_body
0.7422797593493464,4.786874297185163,-0.0014895865312780643,5.037741797472009,-0.9396926207859084,shallow_jet_body
0.7460283514631503,4.797173469372584,-0.0014107792391371277,5.129932570624717,-0.9396926207859084,shallow_jet_body
0.7497769435769542,4.807472641560007,-0.0013362652910018369,5.222123228637647,-0.9396926207859084,shallow_jet_body
0.7535255356907581,4.817771813747428,-0.0012659842326598891,5.3143137776166105,-0.9396926207859084,shallow_jet_body
0.7572741278045619,4.8280709859348505,-0.0011998091619602747,5.406504223552075,-0.9396926207859084,shallow_jet_body
0.7610227199183659,4.838370158122272,-0.0011375711191732307,5.498694572238946,-0.9396926207859084,shallow_jet_body
0.7647713120321697,4.8486693303096935,-0.0010790764619628135,5.5908848292262885,-0.9396926207859084,shallow_jet_body
0.7685199041459736,4.858968502497116,-0.001024119227380993,5.683074999788445,-0.9396926207859084,shallow_jet_body
0.7722684962597774,4.869267674684537,-0.0009724897831375756,5.775265088911519,-0.9396926207859084,shallow_jet_body
0.7760170883735814,4.87956684687196,-0.0009239807055791971,5.867455101290492,-0.9396926207859084,shallow_jet_body
0.7797656804873853,4.889866019059381,-0.0008783906513514239,5.959645041333548,-0.9396926207859084,shallow_jet_body
0.7835142726011891,4.900165191246803,-0.0008355268462878485,6.051834913171142,-0.9396926207859084,shallow_jet_body
0.7872628647149931,4.910464363434225,-0.0007952065755603144,6.144024720668201,-0.9396926207859084,shallow_jet_body
0.7910114568287969,4.920763535621647,-0.0007572578724364121,6.236214467438058,-0.9396926207859084,shallow_jet_body
0.7947600489426008,4.931062707809069,-0.0007215197409635721,6.328404156857149,-0.9396926207859084,shallow_jet_body
0.7985086410564046,4.9413618799964905,-0.0006878420689844233,6.42059379207997,-0.9396926207859084,shallow_jet_body
0.8022572331702086,4.951661052183912,-0.0006560852577308651,6.512783376053873,-0.9396926207859084,shallow_jet_body
0.8060058252840124,4.961960224371334,-0.0006261197713968158,6.6049729115332605,-0.9396926207859084,shallow_jet_body
0.8097544173978163,4.972259396558756,-0.0005978255673682042,6.6971624010933,-0.9396926207859084,shallow_jet_body
0.8135030095116202,4.982558568746178,-0.0005710914855399096,6.789351847142699,-0.9396926207859084,shallow_jet_body
0.8172516016254241,4.9928577409336,-0.0005458146771957217,6.881541251935795,-0.9396926207859084,shallow_jet_body
0.821000193739228,5.003156913121021,-0.000521899938192405,6.973730617583824,-0.9396926207859084,shallow_jet_body
0.8247487858530319,5.0134560853084436,-0.000499259175427369,7.065919946065214,-0.9396926207859084,shallow_jet_body
0.8284973779668358,5.023755257495865,-0.00047781089293152945,7.158109239235394,-0.9396926207859084,shallow_jet_body
0.8322459700806396,5.034054429683287,-0.00045747960811581834,7.250298498835717,-0.9396926207859084,shallow_jet_body
0.8359945621944435,5.044353601870709,-0.0004381953676926287,7.342487726501609,-0.9396926207859084,shallow_jet_body
0.8397431543082474,5.05465277405813,-0.0004198933319230491,7.434676923770146,-0.9396926207859084,shallow_jet_body
0.8434917464220513,5.064951946245553,-0.00040251338717212093,7.526866092087093,-0.9396926207859084,shallow_jet_body
0.8472403385358551,5.075251118432974,-0.00038599970324071364,7.619055232813368,-0.9396926207859084,shallow_jet_body
0.8509889306496591,5.085550290620397,-0.00037030040091678984,7.711244347230849,-0.9396926207859084,shallow_jet_body
0.8547375227634629,5.095849462807818,-0.00035536729684793045,7.803433436547893,-0.9396926207859084,shallow_jet_body
0.8584861148772668,5.10614863499524,-0.00034115553465596804,7.895622501904432,-0.9396926207859084,shallow_jet_body
0.8622347069910706,5.116447807182662,-0.0003276233276494622,7.987811544376463,-0.9396926207859084,shallow_jet_body
0.8659832991048746,5.1267469793700835,-0.0003147317814722328,8.080000564980383,-0.9396926207859084,shallow_jet_body
0.8697318912186784,5.137046151557506,-0.00030244460363348935,8.17218956467703,-0.9396926207859084,shallow_jet_body
0.8734804833324823,5.147345323744927,-0.00029072791278395016,8.264378544375157,-0.9396926207859084,shallow_jet_body
0.8772290754462863,5.157644495932349,-0.0002795500803500772,8.356567504934912,-0.9396926207859084,shallow_jet_body
0.8809776675600901,5.167943668119771,-0.00026888152568460555,8.448756447170908,-0.9396926207859084,shallow_jet_body
0.884726259673894,5.178242840307193,-0.0002586945876998925,8.540945371855088,-0.9396926207859084,shallow_jet_body
0.8884748517876978,5.188542012494615,-0.00024896337423285786,8.633134279719451,-0.9396926207859084,shallow_jet_body
0.8922234439015018,5.198841184682037,-0.00023966364982186406,8.72532317145847,-0.9396926207859084,shallow_jet_body
0.8959720360153056,5.209140356869458,-0.0002307726781936026,8.817512047731505,-0.9396926207859084,shallow_jet_body
0.8997206281291096,5.2194395290568805,-0.00022226910363087882,8.909700909164762,-0.9396926207859084,shallow_jet_body
0.9034692202429135,5.229738701244303,-0.00021413292863314837,9.001889756353354,-0.9396926207859084,shallow_jet_body
0.9072178123567175,5.240037873431724,-0.00020634535118801978,9.09407858986325,-0.9396926207859084,shallow_jet_body
0.9109664044705215,5.250337045619147,-0.00019888867450390535,9.186267410232803,-0.9396926207859084,shallow_jet_body
0.9147149965843254,5.260636217806569,-0.00019174629684926003,9.278456217974458,-0.9396926207859084,shallow_jet_body
0.9184635886981294,5.270935389993991,-0.0001849025738636101,9.370645013576304,-0.9396926207859084,shallow_jet_body
0.9222121808119333,5.281234562181412,-0.00017834276489736567,9.462833797503297,-0.9396926207859084,shallow_jet_body
0.9259607729257373,5.2915337343688345,-0.00017205300309797167,9.555022570198716,-0.9396926207859084,shallow_jet_body
0.9297093650395412,5.301832906556257,-0.00016602019346123598,9.647211332085295,-0.9396926207859084,shallow_jet_body
0.9334579571533452,5.312132078743678,-0.0001602320122628953,9.739400083566354,-0.9396926207859084,shallow_jet_body
0.9372065492671491,5.322431250931101,-0.00015467680145775375,9.831588825026966,-0.9396926207859084,shallow_jet_body
0.9409551413809532,5.332730423118523,-0.0001493435522093023,9.923777556834747,-0.9396926207859084,shallow_jet_body
0.944703733494757,5.343029595305945,-0.00014422189532581342,10.015966279341011,-0.9396926207859084,shallow_jet_body
0.9484523256085611,5.353328767493367,-0.00013930198471712174,10.10815499288151,-0.9396926207859084,shallow_jet_body
0.9522009177223649,5.363627939680789,-0.00013457453961507326,10.200343697777225,-0.9396926207859084,shallow_jet_body
0.955949509836169,5.373927111868211,-0.0001300307757645669,10.292532394335307,-0.9396926207859084,shallow_jet_body
0.9596981019499728,5.384226284055633,-0.0001256623525023315,10.38472108284959,-0.9396926207859084,shallow_jet_body
0.9634466940637769,5.394525456243056,-0.00012146141266100585,10.476909763601386,-0.9396926207859084,shallow_jet_body
0.9671952861775808,5.404824628430477,-0.00011742048202734168,10.56909843686019,-0.9396926207859084,shallow_jet_body
0.9709438782913848,5.415123800617899,-0.0001135324494185852,10.66128710288408,-0.9396926207859084,shallow_jet_body
0.9746924704051887,5.425422972805322,-0.00010979061481464214,10.753475761920392,-0.9396926207859084,shallow_jet_body
0.9784410625189928,5.435722144992743,-0.0001061886170816706,10.845664414206336,-0.9396926207859084,shallow_jet_body
0.9821896546327966,5.446021317180166,-0.0001027203894352624,10.937853059969363,-0.9396926207859084,shallow_jet_body
0.9859382467466007,5.456320489367588,-9.938019778132912e-05,11.03004169942768,-0.9396926207859084,shallow_jet_body
0.9896868388604045,5.46661966155501,-9.616258449796078e-05,11.122230332790776,-0.9396926207859084,shallow_jet_body
0.9934354309742085,5.476918833742431,-9.3062337029437e-05,11.2144189602597,-0.9396926207859084,shallow_jet_body
0.9971840230880125,5.487218005929853,-9.007454985976437e-05,11.306607582027517,-0.9396926207859084,shallow_jet_body
1.0009326152018163,5.497517178117276,-8.719451680860857e-05,11.398796198279818,-0.9396926207859084,shallow_jet_body
1.0046812073156204,5.507816350304697,-8.441774170364624e-05,11.490984809194797,-0.9396926207859084,shallow_jet_body
1.0084297994294245,5.51811552249212,-8.174001843030965e-05,11.583173414943781,-0.9396926207859084,shallow_jet_body
1.0121783915432283,5.528414694679542,-7.915730537888521e-05,11.675362015691647,-0.9396926207859084,shallow_jet_body
1.0159269836570322,5.5387138668669635,-7.666572076914235e-05,11.767550611596889,-0.9396926207859084,shallow_jet_body
1.0196755757708362,5.549013039054386,-7.426158711609787e-05,11.859739202812003,-0.9396926207859084,shallow_jet_body
1.0234241678846403,5.559312211241808,-7.194138126465077e-05,11.951927789483744,-0.9396926207859084,shallow_jet_body
1.0271727599984442,5.56961138342923,-6.970177147991308e-05,12.044116371753343,-0.9396926207859084,shallow_jet_body
1.030921352112248,5.579910555616652,-6.753958400906868e-05,12.13630494975688,-0.9396926207859084,shallow_jet_body
1.034669944226052,5.5902097278040745,-6.54517633620344e-05,12.228493523625408,-0.9396926207859084,shallow_jet_body
1.0384185363398561,5.600508899991496,-6.343541670617014e-05,12.320682093485186,-0.9396926207859084,shallow_jet_body
1.04216712845366,5.610808072178918,-6.148776165559866e-05,12.412870659457944,-0.9396926207859084,shallow_jet_body
1.0459157205674638,5.621107244366341,-5.960612229216622e-05,12.505059221660948,-0.9396926207859084,shallow_jet_body
1.049664312681268,5.631406416553762,-5.7787981987189596e-05,12.597247780207265,-0.9396926207859084,shallow_jet_body
1.053412904795072,5.641705588741184,-5.603092559169909e-05,12.689436335206011,-0.9396926207859084,shallow_jet_body
1.0571614969088756,5.652004760928606,-5.433265214094263e-05,12.781624886762412,-0.9396926207859084,shallow_jet_body
1.0609100890226797,5.6623039331160285,-5.269093526294455e-05,12.873813434978102,-0.9396926207859084,shallow_jet_body
1.0646586811364838,5.67260310530345,-5.1103622453751996e-05,12.966001979951049,-0.9396926207859084,shallow_jet_body
1.0684072732502878,5.682902277490872,-4.956871427452825e-05,13.058190521775817,-0.9396926207859084,shallow_jet_body
1.0721558653640915,5.693201449678295,-4.808428526814623e-05,13.150379060543848,-0.9396926207859084,shallow_jet_body
1.0759044574778955,5.703500621865716,-4.6648455025888325e-05,13.242567596343413,-0.9396926207859084,shallow_jet_body
1.0796530495916996,5.713799794053139,-4.52594418334229e-05,13.334756129259745,-0.9396926207859084,shallow_jet_body
1.0834016417055037,5.724098966240561,-4.3915551742657044e-05,13.426944659375238,-0.9396926207859084,shallow_jet_body
1.0871502338193073,5.7343981384279825,-4.26151325285673e-05,13.51913318676956,-0.9396926207859084,shallow_jet_body
1.0908988259331114,5.744697310615405,-4.135661428961157e-05,13.611321711519615,-0.9396926207859084,shallow_jet_body
1.0946474180469155,5.754996482802827,-4.01385131567622e-05,13.703510233699859,-0.9396926207859084,shallow_jet_body
1.0983960101607195,5.765295654990249,-3.895938051812209e-05,13.795698753382299,-0.9396926207859084,shallow_jet_body
1.1021446022745232,5.775594827177671,-3.78178293090059e-05,13.887887270636547,-0.9396926207859084,shallow_jet_body
1.1058931943883272,5.7858939993650935,-3.671254481218966e-05,13.980075785529978,-0.9396926207859084,shallow_jet_body
1.1096417865021313,5.796193171552515,-3.5642238259470105e-05,14.072264298127834,-0.9396926207859084,shallow_jet_body
1.1133903786159354,5.8064923437399365,-3.4605675779175726e-05,14.164452808493152,-0.9396926207859084,shallow_jet_body
1.117138970729739,5.816791515927359,-3.3601708636865624e-05,14.256641316687023,-0.9396926207859084,shallow_jet_body
1.120887562843543,5.827090688114781,-3.262920010627113e-05,14.34882982276864,-0.9396926207859084,shallow_jet_body
1.1246361549573471,5.837389860302203,-3.1687060271679e-05,14.441018326795259,-0.9396926207859084,shallow_jet_body
1.1283847470711512,5.847689032489625,-3.077424992170563e-05,14.533206828822378,-0.9396926207859084,shallow_jet_body
1.1321333391849548,5.8579882046770475,-2.9889768484281376e-05,14.625395328903734,-0.9396926207859084,shallow_jet_body
1.135881931298759,5.868287376864469,-2.903265357190321e-05,14.717583827091444,-0.9396926207859084,shallow_jet_body
1.139630523412563,5.878586549051891,-2.8201970792451903e-05,14.809772323435961,-0.9396926207859084,shallow_jet_body
1.143379115526367,5.888885721239314,-2.7396849844762983e-05,14.901960817986204,-0.9396926207859084,shallow_jet_body
1.1471277076401707,5.899184893426735,-2.6616424960934637e-05,14.994149310789691,-0.9396926207859084,shallow_jet_body
1.1508762997539748,5.909484065614158,-2.5859848051368317e-05,15.086337801892352,-0.9396926207859084,shallow_jet_body
1.1546248918677788,5.91978323780158,-2.512633918172469e-05,15.17852629133877,-0.9396926207859084,shallow_jet_body
1.1583734839815825,5.9300824099890015,-2.4415157753310268e-05,15.270714779172224,-0.9396926207859084,shallow_jet_body
1.1621220760953865,5.940381582176424,-2.3725572845023635e-05,15.36290326543475,-0.9396926207859084,shallow_jet_body
1.1658706682091906,5.950680754363846,-2.305683416636839e-05,15.45509175016711,-0.9396926207859084,shallow_jet_body
1.1696192603229947,5.960979926551268,-2.240826871968693e-05,15.547280233408713,-0.9396926207859084,shallow_jet_body
1.1733678524367983,5.97127909873869,-2.177925605906239e-05,15.639468715197978,-0.9396926207859084,shallow_jet_body
1.1771164445506024,5.9815782709261125,-2.116913431393641e-05,15.731657195572197,-0.9396926207859084,shallow_jet_body
1.1808650366644065,5.991877443113534,-2.057728974591555e-05,15.823845674567462,-0.9396926207859084,shallow_jet_body
1.1846136287782105,6.0021766153009555,-2.0003145621672047e-05,15.91603415221891,-0.9396926207859084,shallow_jet_body
1.1883622208920142,6.012475787488378,-1.9446136136025416e-05,16.008222628560624,-0.9396926207859084,shallow_jet_body
1.1921108130058182,6.0227749596758,-1.8905704024518855e-05,16.10041110362576,-0.9396926207859084,shallow_jet_body
1.1958594051196223,6.033074131863222,-1.8381312443693787e-05,16.192599577446437,-0.9396926207859084,shallow_jet_body
1.1996079972334264,6.043373304050644,-1.78724762776028e-05,16.284788050053887,-0.9396926207859084,shallow_jet_body
1.20335658934723,6.0536724762380665,-1.7378704484372065e-05,16.37697652147855,-0.9396926207859084,shallow_jet_body
1.207105181461034,6.063971648425488,-1.689951442074289e-05,16.469164991749935,-0.9396926207859084,shallow_jet_body
1.2108537735748381,6.07427082061291,-1.643444484500378e-05,16.561353460896733,-0.9396926207859084,shallow_jet_body
1.2146023656886422,6.084569992800333,-1.5983059569180114e-05,16.653541928946808,-0.9396926207859084,shallow_jet_body
1.2183509578024458,6.094869164987754,-1.5544929269140084e-05,16.745730395927325,-0.9396926207859084,shallow_jet_body
1.22209954991625,6.105168337175177,-1.5119636785243529e-05,16.83791886186459,-0.9396926207859084,shallow_jet_body
1.225848142030054,6.115467509362599,-1.4706805131936562e-05,16.93010732678426,-0.9396926207859084,shallow_jet_body
1.229596734143858,6.1257666815500205,-1.4306042672274089e-05,17.022295790711322,-0.9396926207859084,shallow_jet_body
1.2333453262576617,6.136065853737443,-1.3916962188886828e-05,17.114484253670007,-0.9396926207859084,shallow_jet_body
1.2370939183714658,6.146365025924864,-1.3539207586177326e-05,17.206672715683876,-0.9396926207859084,shallow_jet_body
1.2408425104852696,6.156664198112286,-1.3172464775834669e-05,17.298861176775883,-0.9396926207859084,shallow_jet_body
1.2445911025990735,6.166963370299708,-1.2816383105018758e-05,17.391049636968503,-0.9396926207859084,shallow_jet_body
1.248339694712877,6.17726254248713,-1.2470607131831457e-05,17.483238096283372,-0.9396926207859084,shallow_jet_body
1.2520882868266812,6.187561714674551,-1.2134844197930761e-05,17.575426554741625,-0.9396926207859084,shallow_jet_body
1.2558368789404848,6.197860886861973,-1.1808809020408262e-05,17.667615012363868,-0.9396926207859084,shallow_jet_body
1.2595854710542886,6.208160059049394,-1.1492201579699213e-05,17.75980346917021,-0.9396926207859084,shallow_jet_body
1.2633340631680925,6.2184592312368165,-1.11847276826893e-05,17.851991925180137,-0.9396926207859084,shallow_jet_body
1.2670826552818961,6.228758403424238,-1.0886145574318107e-05,17.94418038041265,-0.9396926207859084,shallow_jet_body
1.2708312473957002,6.2390575756116595,-1.0596162013598587e-05,18.036368834886403,-0.9396926207859084,shallow_jet_body
1.2745798395095038,6.249356747799081,-1.031448734067908e-05,18.12855728861927,-0.9396926207859084,shallow_jet_body
1.2783284316233077,6.2596559199865025,-1.0040917615583567e-05,18.220745741628775,-0.9396926207859084,shallow_jet_body
1.2820770237371115,6.269955092173924,-9.775234531161914e-06,18.312934193932094,-0.9396926207859084,shallow_jet_body
1.2858256158509151,6.2802542643613455,-9.517178469309329e-06,18.405122645545962,-0.9396926207859084,shallow_jet_body
1.2895742079647192,6.290553436548767,-9.266503823823768e-06,18.497311096486555,-0.9396926207859084,shallow_jet_body
1.2933228000785228,6.300852608736189,-9.023017440767944e-06,18.589499546769655,-0.9396926207859084,shallow_jet_body
1.2970713921923267,6.311151780923611,-8.786502775137706e-06,18.681687996410744,-0.9396926207859084,shallow_jet_body
1.3008199843061306,6.321450953111032,-8.55674441879728e-06,18.77387644542476,-0.9396926207859084,shallow_jet_body
1.3045685764199342,6.331750125298454,-8.333587601327963e-06,18.866064893826376,-0.9396926207859084,shallow_jet_body
1.3083171685337383,6.342049297485876,-8.116815450875947e-06,18.958253341630012,-0.9396926207859084,shallow_jet_body
1.3120657606475419,6.352348469673298,-7.906208338681608e-06,19.050441788849447,-0.9396926207859084,shallow_jet_body
1.3158143527613457,6.362647641860719,-7.701619523459158e-06,19.142630235498228,-0.9396926207859084,shallow_jet_body
1.3195629448751496,6.372946814048141,-7.502882567678171e-06,19.23481868158963,-0.9396926207859084,shallow_jet_body
1.3233115369889532,6.383245986235562,-7.309828376378391e-06,19.327007127136564,-0.9396926207859084,shallow_jet_body
1.3270601291027573,6.393545158422984,-7.1222582818109e-06,19.41919557215166,-0.9396926207859084,shallow_jet_body
1.330808721216561,6.403844330610405,-6.940017215129046e-06,19.511384016647007,-0.9396926207859084,shallow_jet_body
1.3345573133303648,6.414143502797827,-6.7630094804371765e-06,19.603572460634624,-0.9396926207859084,shallow_jet_body
1.3383059054441686,6.424442674985248,-6.5910464002172375e-06,19.695760904126338,-0.9396926207859084,shallow_jet_body
1.3420544975579722,6.4347418471726705,-6.423965729140946e-06,19.78794934713337,-0.9396926207859084,shallow_jet_body
1.3458030896717763,6.445041019360092,-6.261665376428027e-06,19.88013778966688,-0.9396926207859084,shallow_jet_body
1.34955168178558,6.4553401915475135,-6.103988354766443e-06,19.972326231737746,-0.9396926207859084,shallow_jet_body
1.3533002738993838,6.465639363734935,-5.950805700649653e-06,20.06451467335648,-0.9396926207859084,shallow_jet_body
1.3570488660131876,6.475938535922357,-5.801976683983412e-06,20.15670311453347,-0.9396926207859084,shallow_jet_body
1.3607974581269913,6.486237708109779,-5.657365747424592e-06,20.248891555278625,-0.9396926207859084,shallow_jet_body
1.3645460502407953,6.4965368802972,-5.516894333368327e-06,20.341079995601778,-0.9396926207859084,shallow_jet_body
1.368294642354599,6.506836052484622,-5.380437215762868e-06,20.433268435512616,-0.9396926207859084,shallow_jet_body
1.3720432344684028,6.517135224672043,-5.247870959124157e-06,20.525456875020453,-0.9396926207859084,shallow_jet_body
1.3757918265822067,6.527434396859465,-5.119093998473545e-06,20.617645314134464,-0.9396926207859084,shallow_jet_body
1.3795404186960103,6.537733569046886,-4.993978791389964e-06,20.70983375286357,-0.9396926207859084,shallow_jet_body
1.3832890108098144,6.548032741234308,-4.872419211210399e-06,20.802022191216388,-0.9396926207859084,shallow_jet_body
1.387037602923618,6.55833191342173,-4.754336870860243e-06,20.89421062920141,-0.9396926207859084,shallow_jet_body
1.3907861950374218,6.568631085609152,-4.639630049041443e-06,20.98639906682698,-0.9396926207859084,shallow_jet_body
1.3945347871512257,6.578930257796573,-4.528190430619361e-06,21.078587504101154,-0.9396926207859084,shallow_jet_body
1.3982833792650295,6.589229429983995,-4.419934825250493e-06,21.170775941031813,-0.9396926207859084,shallow_jet_body
1.4020319713788334,6.599528602171416,-4.314777484637489e-06,21.26296437762671,-0.9396926207859084,shallow_jet_body
1.405780563492637,6.6098277743588385,-4.212620424937086e-06,21.355152813893366,-0.9396926207859084,shallow_jet_body
1.4095291556064409,6.62012694654626,-4.113388825999209e-06,21.44734124983909,-0.9396926207859084,shallow_jet_body
1.4132777477202447,6.6304261187336815,-4.0170169768316555e-06,21.53952968547114,-0.9396926207859084,shallow_jet_body
1.4170263398340486,6.640725290921103,-3.923387410509349e-06,21.631718120796585,-0.9396926207859084,shallow_jet_body
1.4207749319478524,6.6510244631085245,-3.832433833395044e-06,21.723906555822094,-0.9396926207859084,shallow_jet_body
1.424523524061656,6.661323635295946,-3.7441019173911627e-06,21.81609499055449,-0.9396926207859084,shallow_jet_body
1.42827211617546,6.6716228074833674,-3.6582814431085353e-06,21.90828342500027,-0.9396926207859084,shallow_jet_body
1.4320207082892638,6.681921979670789,-3.5749267084383973e-06,22.0004718591657,-0.9396926207859084,shallow_jet_body
1.4357693004030676,6.692221151858211,-3.493987605907023e-06,22.092660293057143,-0.9396926207859084,shallow_jet_body
1.4395178925168715,6.702520324045633,-3.415378571958172e-06,22.1848487266807,-0.9396926207859084,shallow_jet_body
1.443266484630675,6.712819496233054,-3.3390185620874036e-06,22.27703716004231,-0.9396926207859084,shallow_jet_body
1.447015076744479,6.723118668420476,-3.2648409131752487e-06,22.3692255931477,-0.9396926207859084,shallow_jet_body
1.4507636688582828,6.733417840607898,-3.1928156971616772e-06,22.461414026002522,-0.9396926207859084,shallow_jet_body
1.4545122609720866,6.74371701279532,-3.1228807841898742e-06,22.55360245861244,-0.9396926207859084,shallow_jet_body
1.4582608530858905,6.754016184982741,-3.0549378919886294e-06,22.645790890982838,-0.9396926207859084,shallow_jet_body
1.4620094451996941,6.764315357170163,-2.9889554440387656e-06,22.737979323118843,-0.9396926207859084,shallow_jet_body
1.465758037313498,6.774614529357584,-2.924902730683243e-06,22.830167755025776,-0.9396926207859084,shallow_jet_body
1.4695066294273018,6.784913701545006,-2.8626829333688875e-06,22.922356186708686,-0.9396926207859084,shallow_jet_body
1.4732552215411057,6.795212873732427,-2.802258848078054e-06,23.01454461817235,-0.9396926207859084,shallow_jet_body
1.4770038136549095,6.805512045919849,-2.7436023231075524e-06,23.106733049421706,-0.9396926207859084,shallow_jet_body
1.4807524057687131,6.81581121810727,-2.686629130721485e-06,23.198921480461447,-0.9396926207859084,shallow_jet_body
1.484500997882517,6.8261103902946925,-2.6312993099963933e-06,23.291109911296054,-0.9396926207859084,shallow_jet_body
1.4882495899963208,6.836409562482114,-2.57758125599139e-06,23.38329834193006,-0.9396926207859084,shallow_jet_body
1.4919981821101247,6.8467087346695354,-2.5254309861111324e-06,23.47548677236783,-0.9396926207859084,shallow_jet_body
1.4957467742239285,6.857007906856957,-2.4748029687771123e-06,23.567675202613714,-0.9396926207859084,shallow_jet_body
1.4994953663377322,6.867307079044379,-2.425634036740121e-06,23.659863632671872,-0.9396926207859084,shallow_jet_body
1.503243958451536,6.877606251231801,-2.3778908371241414e-06,23.752052062546298,-0.9396926207859084,shallow_jet_body
1.5069925505653399,6.887905423419222,-2.3315489130482092e-06,23.84424049224102,-0.9396926207859084,shallow_jet_body
1.5107411426791437,6.898204595606644,-2.2865414450734534e-06,23.93642892175997,-0.9396926207859084,shallow_jet_body
1.5144897347929476,6.908503767794065,-2.242837780386253e-06,24.02861735110679,-0.9396926207859084,shallow_jet_body
1.5182383269067512,6.918802939981487,-2.2004302309142076e-06,24.12080578028528,-0.9396926207859084,shallow_jet_body
1.521986919020555,6.929102112168908,-2.1592566383787926e-06,24.21299420929914,-0.9396926207859084,shallow_jet_body
1.525735511134359,6.93940128435633,-2.119275322343128e-06,24.30518263815181,-0.9396926207859084,shallow_jet_body
1.5294841032481628,6.949700456543752,-2.0804538536367545e-06,24.39737106684676,-0.9396926207859084,shallow_jet_body
1.5332326953619666,6.959999628731174,-2.042759163600749e-06,24.48955949538728,-0.9396926207859084,shallow_jet_body
1.5369812874757702,6.970298800918595,-2.0061676764271397e-06,24.581747923776675,-0.9396926207859084,shallow_jet_body
1.540729879589574,6.980597973106017,-1.9706454992274303e-06,24.67393635201816,-0.9396926207859084,shallow_jet_body
1.544478471703378,6.990897145293438,-1.93616448029843e-06,24.766124780114875,-0.9396926207859084,shallow_jet_body
1.5482270638171818,7.0011963174808605,-1.9026850708314669e-06,24.8583132080699,-0.9396926207859084,shallow_jet_body
1.5519756559309856,7.011495489668282,-1.8701581865343542e-06,24.950501635886138,-0.9396926207859084,shallow_jet_body
1.5557242480447893,7.0217946618557034,-1.8385634916739946e-06,25.04269006356636,-0.9396926207859084,shallow_jet_body
1.5594728401585933,7.032093834043125,-1.8079739163567865e-06,25.1348784911134,-0.9396926207859084,shallow_jet_body
1.563221432272397,7.042393006230546,-1.778357969328681e-06,25.227066918530753,-0.9396926207859084,shallow_jet_body
1.5669700243862006,7.052692178417968,-1.7494682538199413e-06,25.319255345821084,-0.9396926207859084,shallow_jet_body
1.5707186165000047,7.062991350605389,-1.7212904026564502e-06,25.41144377298582,-0.9396926207859084,shallow_jet_body
1.5744672086138083,7.073290522792811,-1.6940138323207066e-06,25.503632200027596,-0.9396926207859084,shallow_jet_body
1.5782158007276124,7.083589694980233,-1.6675906380214656e-06,25.595820626949596,-0.9396926207859084,shallow_jet_body
1.581964392841416,7.093888867167655,-1.6419059107875e-06,25.688009053754115,-0.9396926207859084,shallow_jet_body
1.5857129849552196,7.104188039355076,-1.6169727388160027e-06,25.780197480443388,-0.9396926207859084,shallow_jet_body
1.5894615770690237,7.114487211542498,-1.5927661110026747e-06,25.872385907019925,-0.9396926207859084,shallow_jet_body
1.5932101691828273,7.12478638372992,-1.5692308750203665e-06,25.964574333485825,-0.9396926207859084,shallow_jet_body
1.5969587612966314,7.135085555917342,-1.5463677129901043e-06,26.056762759843153,-0.9396926207859084,shallow_jet_body
1.600707353410435,7.145384728104763,-1.5241598845250337e-06,26.148951186094102,-0.9396926207859084,shallow_jet_body
1.6044559455242386,7.155683900292185,-1.5025767083898245e-06,26.241139612240666,-0.9396926207859084,shallow_jet_body
1.6082045376380427,7.165983072479606,-1.481620316212684e-06,26.33332803828481,-0.9396926207859084,shallow_jet_body
1.6119531297518463,7.176282244667028,-1.4612637500022174e-06,26.425516464228636,-0.9396926207859084,shallow_jet_body
1.6157017218656504,7.186581416854449,-1.4414541880114484e-06,26.517704890073922,-0.9396926207859084,shallow_jet_body
1.619450313979454,7.196880589041871,-1.4221975419559385e-06,26.60989331582232,-0.9396926207859084,shallow_jet_body
1.6231989060932577,7.207179761229292,-1.4034942239504744e-06,26.702081741475745,-0.9396926207859084,shallow_jet_body
1.6269474982070617,7.217478933416714,-1.3852997113872334e-06,26.794270167035915,-0.9396926207859084,shallow_jet_body
1.6306960903208654,7.227778105604136,-1.3676010439667152e-06,26.886458592504376,-0.9396926207859084,shallow_jet_body
1.6344446824346694,7.238077277791557,-1.3503951095117372e-06,26.97864701788277,-0.9396926207859084,shallow_jet_body
1.638193274548473,7.248376449978979,-1.3336538557950917e-06,27.070835443172683,-0.9396926207859084,shallow_jet_body
1.6419418666622767,7.258675622166401,-1.3173516890674364e-06,27.163023868375532,-0.9396926207859084,shallow_jet_body
1.6456904587760808,7.268974794353823,-1.301476061144058e-06,27.255212293492686,-0.9396926207859084,shallow_jet_body
1.6494390508898844,7.279273966541244,-1.2859973139711656e-06,27.347400718525495,-0.9396926207859084,shallow_jet_body
1.6531876430036885,7.289573138728666,-1.2709580516911956e-06,27.439589143475068,-0.9396926207859084,shallow_jet_body
1.656936235117492,7.299872310916087,-1.2564538138803982e-06,27.531777568343273,-0.9396926207859084,shallow_jet_body
1.6606848272312957,7.310171483103509,-1.2423057569321827e-06,27.623965993132344,-0.9396926207859084,shallow_jet_body
1.6644334193450998,7.32047065529093,-1.228294877364533e-06,27.716154417842226,-0.9396926207859084,shallow_jet_body
1.6681820114589034,7.330769827478352,-1.214591534903775e-06,27.808342842472733,-0.9396926207859084,shallow_jet_body
1.6719306035727075,7.341068999665774,-1.2013541521582738e-06,27.90053126702577,-0.9396926207859084,shallow_jet_body
1.6756791956865111,7.351368171853196,-1.1884997377364925e-06,27.992719691503012,-0.9396926207859084,shallow_jet_body
1.6794277878003148,7.361667344040617,-1.17593404524996e-06,28.084908115905463,-0.9396926207859084,shallow_jet_body
1.6831763799141188,7.371966516228039,-1.163630841460872e-06,28.177096540233755,-0.9396926207859084,shallow_jet_body
1.6869249720279225,7.38226568841546,-1.151615251160365e-06,28.269284964488623,-0.9396926207859084,shallow_jet_body
1.6906735641417265,7.392564860602882,-1.1398769572679157e-06,28.361473388671037,-0.9396926207859084,shallow_jet_body
1.6944221562555302,7.402864032790304,-1.1283923555538422e-06,28.453661812781636,-0.9396926207859084,shallow_jet_body
1.6981707483693338,7.413163204977725,-1.1171623413019915e-06,28.545850236821135,-0.9396926207859084,shallow_jet_body
1.7019193404831379,7.423462377165147,-1.1061638787168704e-06,28.638038660790233,-0.9396926207859084,shallow_jet_body
1.7056679325969415,7.433761549352568,-1.095373505677344e-06,28.730227084689382,-0.9396926207859084,shallow_jet_body
1.7094165247107456,7.44406072153999,-1.0847660973922757e-06,28.822415508519,-0.9396926207859084,shallow_jet_body
1.7131651168245492,7.454359893727411,-1.0743991936124075e-06,28.914603932279242,-0.9396926207859084,shallow_jet_body
1.7169137089383528,7.464659065914833,-1.0644249925917393e-06,29.006792355971307,-0.9396926207859084,shallow_jet_body
1.720662301052157,7.474958238102255,-1.054616603823888e-06,29.098980779597433,-0.9396926207859084,shallow_jet_body
1.7244108931659605,7.485257410289677,-1.0446671296904242e-06,29.191169203155795,-0.9396926207859084,shallow_jet_body
1.7281594852797646,7.495556582477098,-1.0348696974915583e-06,29.283357626644406,-0.9396926207859084,shallow_jet_body
1.7319080773935682,7.50585575466452,-1.0254304356749344e-06,29.375546050065488,-0.9396926207859084,shallow_jet_body
1.7356566695073719,7.516154926851942,-1.0161556360799295e-06,29.467734473419945,-0.9396926207859084,shallow_jet_body
1.739405261621176,7.526454099039364,-1.006979317708101e-06,29.559922896707292,-0.9396926207859084,shallow_jet_body
1.7431538537349796,7.536753271226785,-9.979217736599821e-07,29.65211131992752,-0.9396926207859084,shallow_jet_body
1.7469024458487836,7.547052443414207,-9.889864571732687e-07,29.744299743080408,-0.9396926207859084,shallow_jet_body
1.7506510379625873,7.557351615601628,-9.801546099197367e-07,29.836488166165985,-0.9396926207859084,shallow_jet_body
1.7543996300763909,7.5676507877890495,-9.712957336205363e-07,29.928676589183745,-0.9396926207859084,shallow_jet_body
1.758148222190195,7.577949959976471,-9.627010797430557e-07,30.020865012131665,-0.9396926207859084,shallow_jet_body
1.7618968143039986,7.5882491321638925,-9.545561567847471e-07,30.113053435013818,-0.9396926207859084,shallow_jet_body
1.7656454064178027,7.598548304351314,-9.460772645297766e-07,30.205241857831133,-0.9396926207859084,shallow_jet_body
1.7693939985316063,7.608847476538736,-9.372880498403902e-07,30.297430280575043,-0.9396926207859084,shallow_jet_body
1.77314259064541,7.619146648726158,-9.289262692391276e-07,30.389618703246768,-0.9396926207859084,shallow_jet_body
1.776891182759214,7.629445820913579,-9.20770517609526e-07,30.481807125849834,-0.9396926207859084,shallow_jet_body
1.7806397748730176,7.639744993101001,-9.125414806021581e-07,30.573995548381802,-0.9396926207859084,shallow_jet_body
1.7843883669868217,7.650044165288423,-9.043333193403669e-07,30.666183970841402,-0.9396926207859084,shallow_jet_body
1.7881369591006253,7.660343337475845,-8.960071653518753e-07,30.758372393227717,-0.9396926207859084,shallow_jet_body
1.791885551214429,7.670642509663266,-8.878719199856278e-07,30.85056081553688,-0.9396926207859084,shallow_jet_body
1.795634143328233,7.680941681850688,-8.801993800489072e-07,30.94274923777359,-0.9396926207859084,shallow_jet_body
1.7993827354420366,7.691240854038109,-8.72054982892223e-07,31.03493765993898,-0.9396926207859084,shallow_jet_body
1.8031313275558407,7.701540026225531,-8.634694950160338e-07,31.127126082020016,-0.9396926207859084,shallow_jet_body
1.8068799196696443,7.711839198412952,-8.553272579092663e-07,31.219314504018268,-0.9396926207859084,shallow_jet_body
1.810628511783448,7.722138370600374,-8.473118668916868e-07,31.311502925937674,-0.9396926207859084,shallow_jet_body
1.814377103897252,7.732437542787795,-8.389478267645245e-07,31.403691347773496,-0.9396926207859084,shallow_jet_body
1.8181256960110557,7.7427367149752175,-8.307486467629133e-07,31.4958797695199,-0.9396926207859084,shallow_jet_body
1.8218742881248597,7.753035887162639,-8.230285715171703e-07,31.588068191182664,-0.9396926207859084,shallow_jet_body
1.8256228802386634,7.7633350593500605,-8.14709693486293e-07,31.68025661276255,-0.9396926207859084,shallow_jet_body
1.829371472352467,7.773634231537482,-8.058435838620426e-07,31.772445034241734,-0.9396926207859084,shallow_jet_body
1.833120064466271,7.783933403724904,-7.974400659804814e-07,31.864633455621778,-0.9396926207859084,shallow_jet_body
1.8368686565800747,7.794232575912326,-7.889167505936712e-07,31.956821876907206,-0.9396926207859084,shallow_jet_body
1.8406172486938788,7.804531748099747,-7.80337245487317e-07,32.0490102980859,-0.9396926207859084,shallow_jet_body
1.8443658408076824,7.814830920287169,-7.722415489297418e-07,32.141198719163974,-0.9396926207859084,shallow_jet_body
1.848114432921486,7.82513009247459,-7.634710073034512e-07,32.2333871401421,-0.9396926207859084,shallow_jet_body
1.85186302503529,7.835429264662012,-7.540894699786804e-07,32.32557556099705,-0.9396926207859084,shallow_jet_body
1.8556116171490937,7.845728436849433,-7.449323931041363e-07,32.417763981730644,-0.9396926207859084,shallow_jet_body
1.8593602092628978,7.856027609036855,-7.359791851513364e-07,32.509952402340474,-0.9396926207859084,shallow_jet_body
1.8631088013767014,7.866326781224277,-7.273321074308114e-07,32.60214082282787,-0.9396926207859084,shallow_jet_body
1.866857393490505,7.876625953411699,-7.17941873062955e-07,32.69432924319318,-0.9396926207859084,shallow_jet_body
1.8706059856043091,7.88692512559912,-7.078506882862712e-07,32.786517663406855,-0.9396926207859084,shallow_jet_body
1.8743545777181128,7.897224297786542,-6.9819672887661e-07,32.878706083469694,-0.9396926207859084,shallow_jet_body
1.8781031698319168,7.907523469973964,-6.885027374892161e-07,32.97089450338511,-0.9396926207859084,shallow_jet_body
1.8818517619457205,7.9178226421613855,-6.784315331742619e-07,33.06308292313861,-0.9396926207859084,shallow_jet_body
1.885600354059524,7.928121814348807,-6.681765967186948e-07,33.15527134272218,-0.9396926207859084,shallow_jet_body
1.8893489461733282,7.9384209865362285,-6.577013635933326e-07,33.247459762126255,-0.9396926207859084,shallow_jet_body
1.8930975382871318,7.94872015872365,-6.469979751955179e-07,33.33964818134029,-0.9396926207859084,shallow_jet_body
1.8968461304009359,7.9590193309110715,-6.360581181752423e-07,33.431836600352966,-0.9396926207859084,shallow_jet_body
1.9005947225147395,7.969318503098493,-6.248597230751329e-07,33.52402501915177,-0.9396926207859084,shallow_jet_body
1.9043433146285431,7.9796176752859145,-6.133840457778206e-07,33.61621343772263,-0.9396926207859084,shallow_jet_body
1.9080919067423472,7.989916847473336,-6.016131663955093e-07,33.70840185605006,-0.9396926207859084,shallow_jet_body
1.9118404988561508,8.000216019660758,-5.895314387771577e-07,33.800590274116686,-0.9396926207859084,shallow_jet_body
1.9155890909699549,8.01051519184818,-5.770894944134852e-07,33.8927786919034,-0.9396926207859084,shallow_jet_body
1.9193376830837585,8.020814364035601,-5.644148899364154e-07,33.98496710938703,-0.9396926207859084,shallow_jet_body
1.9230862751975626,8.031113536223025,-5.512822554010199e-07,34.07715552655087,-0.9396926207859084,shallow_jet_body
1.9268348673113667,8.041412708410446,-5.373965166199923e-07,34.1693439433552,-0.9396926207859084,shallow_jet_body
1.9305834594251707,8.051711880597868,-5.233801232407131e-07,34.261532359761745,-0.9396926207859084,shallow_jet_body
1.9343320515389748,8.06201105278529,-5.091549297731035e-07,34.35372077575839,-0.9396926207859084,shallow_jet_body
1.9380806436527789,8.072310224972714,-4.941153264326203e-07,34.445909191293936,-0.9396926207859084,shallow_jet_body
1.941829235766583,8.082609397160136,-4.784863563145336e-07,34.53809760630962,-0.9396926207859084,shallow_jet_body
1.9455778278803872,8.092908569347557,-4.623656053581726e-07,34.63028602075515,-0.9396926207859084,shallow_jet_body
1.9493264199941913,8.10320774153498,-4.45634981360854e-07,34.72247443456175,-0.9396926207859084,shallow_jet_body
1.9530750121079954,8.113506913722404,-4.2824397894491995e-07,34.814662847650666,-0.9396926207859084,shallow_jet_body
1.9568236042217995,8.123806085909827,-4.105091591100063e-07,34.90685125992215,-0.9396926207859084,shallow_jet_body
1.9605721963356035,8.134105258097247,-3.911156056801701e-07,34.99903967129554,-0.9396926207859084,shallow_jet_body
1.9643207884494078,8.14440443028467,-3.775373329517606e-07,35.09122808147985,-0.9396926207859084,shallow_jet_body
1.968069380563212,8.154703602472093,-3.3735699389580986e-07,35.1834164912773,-0.9396926207859084,shallow_jet_body
1.971817972677016,8.165002774659516,-4.2212768391891586e-07,35.27560489566197,-0.9396926207859084,shallow_jet_body
1.97556656479082,8.175301946846938,-2.9387564381977427e-08,35.36779332084541,-0.9396926207859084,shallow_jet_body
1.9793151569046241,8.18560111903436,-1.3721417673195901e-06,35.459981640161764,-0.9396926207859084,shallow_jet_body
1.9830637490184282,8.195900291221783,-2.137429930826329e-06,35.55217044045498,-0.9396926207859084,shallow_jet_body
1.9868123411322323,8.206199463409206,-8.417586627729179e-08,35.64435885908203,-0.9396926207859084,shallow_jet_body
1.9905609332460366,8.21649863559663,5.3158188961788255e-08,35.73654676124403,-0.9396926207859084,shallow_jet_body
